Restaurant Name,Types of Food,Price,Discount,Rating,Discount_Percentage,Coupon_Code
Hotel Niagara,"Haleem, Biryani, North Indian",350.0,50% off | Use TRYNEW,3.7,20.0,TRYNEW
Mehfil,"Biryani, North Indian, Tandoor, Chinese, Kebabs",300.0,10% off | Use TRYNEW,3.9,20.0,TRYNEW
Lucky Restaurant,"Biryani, North Indian, Tandoor",300.0,30% off | Use TRYNEW,3.8,20.0,TRYNEW
Bawarchi,"Biryani, Tandoor, Chinese, Indian, Desserts, Kebabs, Mughlai",300.0,,4.0,20.0,
CAPITAL MULTICUISINE RESTAURANT,"Haleem, Biryani, North Indian",350.0,50% off | Use TRYNEW,3.7,20.0,TRYNEW
Grand Hotel,"Biryani, Chinese, Tandoor, Haleem",300.0,10% off | Use TRYNEW,4.1,20.0,TRYNEW
Meridian Restaurant,"Biryani, Chinese, North Indian, Kebabs",400.0,,4.1,20.0,
Cafe Niloufer,"Bakery, Beverages, Snacks, Desserts",400.0,10% off | Use PARTY,4.5,20.0,PARTY
Lucky Multicuisine Restaurant,"Biryani, North Indian, Tandoor, South Indian",350.0,FLAT125 off | Use FLATDEAL,3.7,20.0,FLATDEAL
4M Biryani House,"Biryani, North Indian, Chinese",250.0,30% off | Use TRYNEW,4.1,20.0,TRYNEW
Leon's - Burgers & Wings (Leon Grill),"American, Snacks, Turkish, Portuguese, Continental",300.0,60% off | Use TRYNEW,4.1,20.0,TRYNEW
Shah Ghouse Cafe & Restaurant,"Biryani, Chinese, Tandoor, Mughlai, North Indian",350.0,20% off | Use TRYNEW,4.1,20.0,TRYNEW
KFC,"Burgers, Biryani, American, Snacks, Fast Food",400.0,20% off | Use SWIGGYIT,4.0,20.0,SWIGGYIT
Cafe Bahar since 1973,"Biryani, Chinese, Indian, Kebabs, Tandoor",300.0,,4.0,20.0,
Hilton Restaurant,"North Indian, Chinese, Biryani",300.0,,4.1,20.0,
Subbayya Gari Hotel,"South Indian, Andhra, Sweets",300.0,10% off | Use TRYNEW,4.0,20.0,TRYNEW
Srikanya,"Andhra, Seafood",250.0,,4.1,20.0,
Pista House Bakery & Restaurant,"North Indian, Chinese, Bakery, Biryani",300.0,40% off | Use TRYNEW,4.2,20.0,TRYNEW
Kritunga Restaurant,"Biryani, Andhra, Rayalaseema, South Indian, North Indian, Chinese",500.0,20% off | Use TRYNEW,3.9,20.0,TRYNEW
Cafe 555 & Aqeeq Restaurant,"Biryani, North Indian, Chinese",300.0,,4.1,20.0,
Andhra Meals,South Indian,200.0,10% off | Use PARTY,4.1,20.0,PARTY
Santosh Dhaba Exclusive,"North Indian, Biryani, Chinese, Italian, Mexican, Desserts",300.0,40% off | Use GUILTFREE,4.0,20.0,GUILTFREE
Sri Abhiruchi Biryani & Chinese Fast Food,Biryani,400.0,,4.1,20.0,
Paradise Biryani,"Biryani, Kebabs, North Indian, Hyderabadi",400.0,FLAT125 off | Use FLATDEAL,3.8,20.0,FLATDEAL
AB's - Absolute Barbecues,"Barbecue, Biryani, North Indian, Grill, Chinese, Mughlai, Seafood, Kebabs, Pan-A...",400.0,50% off | Use TRYNEW,3.7,20.0,TRYNEW
Sarvi Restaurant,"Biryani, Chinese, Indian, Kebabs, Tandoor, Desserts",400.0,20% off | Use TRYNEW,4.1,20.0,TRYNEW
Crystal Restaurant,"Biryani, North Indian, Chinese",350.0,50% off | Use TRYNEW,3.8,20.0,TRYNEW
Pista House Bakery,"Italian-American, Fast Food, Snacks, Continental",200.0,40% off | Use TRYNEW,4.0,20.0,TRYNEW
Hotel Shadab,"Biryani, North Indian, Chinese",400.0,15% off | Use PARTY,4.0,20.0,PARTY
Red Bucket Biryani,Biryani,500.0,,3.3,20.0,
Imperial Multi Cuisine Restaurant,"Biryani, Chinese, Indian, Kebabs, Tandoor",400.0,,4.1,20.0,
Burger King,"Burgers, American",350.0,60% off | Use STEALDEAL,4.1,20.0,STEALDEAL
Papadams Blue,"Biryani, Chinese, Andhra, North Indian, South Indian, Tandoor",500.0,40% off | Use TRYNEW,3.9,20.0,TRYNEW
Shahi Dastarkhwan,"North Indian, Chinese, Kebabs, Biryani, Desserts",500.0,60% off | Use TRYNEW,3.9,20.0,TRYNEW
Azam Hotel,"Biryani, North Indian, Mughlai, Tandoor",300.0,30% off | Use TRYNEW,4.1,20.0,TRYNEW
Swathi mess and dhaba,"Biryani, Chinese, Hyderabadi, North Indian, Indian",200.0,15% off | Use PARTY,4.0,20.0,PARTY
NIC Ice Creams,"Ice Cream, Desserts",120.0,Get every item under 159,4.4,20.0,
Srikanya Comfort,"Andhra, Biryani, Chinese, North Indian",500.0,,4.1,20.0,
La Pino'z Pizza,"Pizzas, Italian, Pastas, Mexican, Desserts",400.0,,3.9,20.0,
Balaji Santosh Family Dhaba,"North Indian, Tandoor, Chinese",300.0,40% off | Use GUILTFREE,4.1,20.0,GUILTFREE
Papaji Da Dhaba,"North Indian, Chinese, Tandoor",200.0,FLAT100 off | Use FLATDEAL,4.0,20.0,FLATDEAL
Bahar Biryani Cafe,"Biryani, North Indian, Chinese",350.0,50% off | Use TRYNEW,3.5,20.0,TRYNEW
A-1 Chicken Pakoda,"Biryani, Kebabs, Indian, Chinese, Mughlai",250.0,10% off | Use TRYNEW,4.0,20.0,TRYNEW
Kamath Hotel,South Indian,200.0,20% off | Use TRYNEW,4.4,20.0,TRYNEW
Food zone 2,"Mughlai, Chinese, Tandoor",300.0,,3.8,20.0,
Utsav Vegetarian,"North Indian, Chinese, Biryani, Indian",300.0,FLAT125 off | Use FLATDEAL,4.2,20.0,FLATDEAL
Akson Restaurant,"North Indian, Biryani, Kerala",250.0,,4.2,20.0,
Santosh Family Dhaba,"North Indian, Biryani, Chinese, Tandoor, Indian",300.0,50% off | Use TRYNEW,3.9,20.0,TRYNEW
Shree Santosh Family Dhaba,"North Indian, Chinese, Tandoor, Biryani, Beverages, Indian",200.0,50% off | Use TRYNEW,3.9,20.0,TRYNEW
Pista House Restaurant,"Biryani, Tandoor, North Indian",500.0,30% off | Use TRYNEW,4.1,20.0,TRYNEW
Hotel Swagath,South Indian,200.0,30% off | Use TRYNEW,4.2,20.0,TRYNEW
Just parantha,North Indian,200.0,FLAT125 off | Use FLATDEAL,4.3,20.0,FLATDEAL
Sahara Bakers,"Bakery, Pizzas",200.0,50% off | Use TRYNEW,3.4,20.0,TRYNEW
Kamat Hotel,"North Indian, South Indian",500.0,20% off | Use TRYNEW,4.3,20.0,TRYNEW
Amantran Bengali Restaurant,"Bengali, North Indian, Chinese, Home Food, Thalis, Beverages",200.0,FLAT125 off | Use FLATDEAL,3.9,20.0,FLATDEAL
Cream Stone Ice Cream,"Ice Cream, Desserts, Beverages, Ice Cream Cakes",250.0,30% off | Use SPECIALS,4.3,20.0,SPECIALS
Pista House,"Bakery, Pizzas, Haleem",200.0,40% off | Use TRYNEW,4.2,20.0,TRYNEW
Hotel City Diamond,"Biryani, Hyderabadi",300.0,,4.1,20.0,
McDonald's,"Burgers, Beverages, Cafe, Desserts",400.0,30% off | Use TRYNEW,4.1,20.0,TRYNEW
Cafe Niloufer Classic,"Bakery, Beverages, Snacks, Desserts",150.0,10% off | Use PARTY,4.4,20.0,PARTY
Amfah Hotel,"Biryani, North Indian, Chinese",200.0,30% off | Use TRYNEW,3.9,20.0,TRYNEW
Mr. Pulao,"Andhra, South Indian, Biryani",200.0,30% off | Use TRYNEW,3.5,20.0,TRYNEW
Sri Sai Raghavendra Udupi Veg,"South Indian, Juices, Ice Cream",100.0,40% off | Use TRYNEW,4.2,20.0,TRYNEW
Zee N Cafe,"Italian-American, Fast Food, Snacks",300.0,,0.0,20.0,
Rolls & Bowls By FEEDX,"North Indian, Snacks, Salads, Beverages, Indian, Pastas",200.0,,3.6,20.0,
FISH OH FISH,"Biryani, Tandoor, Mughlai",400.0,,3.8,20.0,
SRI VAIBHAV TIFFINS,South Indian,200.0,,4.3,20.0,
Naintara ( By Sri Narsingh Bhelpuri ),"North Indian, Italian-American, Fast Food, Snacks",300.0,20% off | Use TRYNEW,4.2,20.0,TRYNEW
Madhur Sweets,"Sweets, Desserts, Snacks",250.0,10% off | Use TRYNEW,4.5,20.0,TRYNEW
Starboy Pizza & Shakes,"Pizzas, Italian, Desserts, Beverages",300.0,Flat ₹125 off on orders above ₹249,3.8,20.0,
Harekrishna Santoshi Dhaba,"Indian, Chinese",200.0,,0.0,20.0,
Bake Delight,"Bakery, Chinese",200.0,50% off | Use JUMBO,3.7,20.0,JUMBO
Royal Tiffin Centre,South Indian,150.0,30% off | Use TRYNEW,3.8,20.0,TRYNEW
Pure Veg Meals by Lunchbox,"North Indian, Desserts, Biryani",200.0,50% off | Use TRYNEW,4.1,20.0,TRYNEW
Meghacity,"South Indian, Biryani, North Indian, Chinese, Seafood, Beverages",500.0,,4.4,20.0,
Sweet Truth - Cake and Desserts,"Bakery, Desserts",450.0,,3.9,20.0,
LunchBox - Meals and Thalis,"North Indian, Punjabi, Biryani, Healthy Food, Jain, Thalis, Indian, Mughlai, Des...",200.0,FLAT125 off | Use FLATDEAL,4.0,20.0,FLATDEAL
Sri Vigneshwara Curry Point,Indian,350.0,FLAT250 off | Use FLATDEAL,0.0,20.0,FLATDEAL
Mumbai Kulfi & Ice Cream,"Ice Cream, Desserts",100.0,30% off | Use TRYNEW,0.0,20.0,TRYNEW
SECRET KITCHEN,"Biryani, Chinese, Indian",400.0,,4.1,20.0,
Sri Raghavendra Tiffins,"South Indian, Andhra",150.0,20% off | Use TRYNEW,4.3,20.0,TRYNEW
Veggie Chinese,Chinese,300.0,,4.1,20.0,
Minerva Coffee Shop,"South Indian, North Indian, Chinese",500.0,20% off | Use TRYNEW,4.3,20.0,TRYNEW
Hotel Mukrram,Biryani,300.0,,4.1,20.0,
Baker Street,"Bakery, Continental",250.0,,4.2,20.0,
Swagath Hotel,"South Indian, Chinese, Indian",400.0,,4.1,20.0,
Hotel Sitara Grand - Dhanturi Group of hotels,"Biryani, Chinese, South Indian, North Indian, Tandoor",300.0,40% off | Use TRYNEW,3.8,20.0,TRYNEW
The Belgian Waffle Co.,"Waffle, Desserts, Ice Cream, Beverages",200.0,20% off | Use TRYNEW,4.3,20.0,TRYNEW
Indira Darshini,"Chinese, South Indian, Hyderabadi",200.0,FLAT100 off | Use FLATDEAL,4.1,20.0,FLATDEAL
Hotel Sri Raghavendra Udupi Veg,"South Indian, Chinese, North Indian, Tandoor",300.0,40% off | Use TRYNEW,4.1,20.0,TRYNEW
Istah - The Mediterranean Way,"Arabian, Biryani, Mediterranean, Lebanese, Snacks, Beverages",250.0,60% off | Use TRYNEW,4.2,20.0,TRYNEW
ANNAPURNA MESS,"Indian, Biryani, Chinese",200.0,,3.9,20.0,
Balaji Santosh Dhaba,"North Indian, Chinese",350.0,50% off | Use TRYNEW,4.0,20.0,TRYNEW
Bombay Juice,"Chaat, Chinese, Juices",200.0,,4.3,20.0,
Balaji Family Dhaba & Caterers,"North Indian, Chinese",450.0,50% off | Use TRYNEW,3.8,20.0,TRYNEW
Karachi Bakery,"Bakery, Desserts",300.0,,4.3,20.0,
Shree Golden Palace Restaurant,"Indian, Chinese, Biryani",250.0,FLAT100 off | Use FLATDEAL,3.9,20.0,FLATDEAL
Geethagari vantalu,Andhra,200.0,10% off | Use PARTY,3.9,20.0,PARTY
Meghacity,"South Indian, Biryani, North Indian, Chinese, Seafood, Beverages",500.0,,4.4,20.0,
Biryani By Kilo,"Biryani, Hyderabadi, North Indian, Kebabs, Mughlai, Desserts",300.0,50% off | Use TRYNEW,3.6,20.0,TRYNEW
Sri Raghavendra Curry Express,"South Indian, Andhra",200.0,10% off | Use PARTY,4.4,20.0,PARTY
Bakingo,Bakery,300.0,,4.3,20.0,
Siddi Fast Food,"Chinese, Pastas, North Indian, South Indian",150.0,10% off | Use TRYNEW,3.9,20.0,TRYNEW
Lakshman Ki Bandi,South Indian,150.0,20% off | Use TRYNEW,4.1,20.0,TRYNEW
Dadu's,"Sweets, Desserts, Chaat, Snacks, Bakery",350.0,20% off | Use TRYNEW,4.4,20.0,TRYNEW
Sri Balaji Family Dhaba - Ramkote,"Biryani, North Indian, Chinese, Indian, Punjabi",200.0,40% off | Use GUILTFREE,4.0,20.0,GUILTFREE
Bheemas Grand,South Indian,150.0,50% off | Use TRYNEW,4.0,20.0,TRYNEW
Onesta,"Italian, Desserts, Pizzas, American, Snacks",200.0,FLAT150 off | Use FLATDEAL,3.7,20.0,FLATDEAL
Dwaraka Restaurant,"North Indian, Chinese, South Indian",250.0,20% off | Use TRYNEW,4.3,20.0,TRYNEW
New Astoria Restaurant,"Chinese, Biryani",450.0,,3.9,20.0,
The Southern Palate,"South Indian, Biryani",350.0,40% off | Use TRYNEW,3.9,20.0,TRYNEW
Nandu Fresh Fruit Juice Centre,Beverages,250.0,FLAT100 off | Use FLATDEAL,3.8,20.0,FLATDEAL
Al Akbar Fast Food,"Chinese, North Indian",200.0,20% off | Use TRYNEW,4.0,20.0,TRYNEW
Haldiram's Restaurant,"Indian, Biryani, Snacks, Beverages",300.0,50% off | Use TRYNEW,4.2,20.0,TRYNEW
The Bowl Company,"Pan-Asian, Continental, North Indian, Desserts, American, Asian, Beverages, Biry...",300.0,60% off | Use TRYNEW,4.1,20.0,TRYNEW
Kwality Walls Frozen Dessert and Ice Cream Shop,"Desserts, Ice Cream, Ice Cream Cakes",200.0,,4.4,20.0,
Hotel Sohail Waves,"Arabian, Tandoor, Mughlai, Biryani, North Indian",500.0,10% off | Use PARTY,4.1,20.0,PARTY
Agra Sweets Banjara,"Sweets, Desserts, Chaat, Snacks, Beverages",250.0,30% off | Use TRYNEW,4.3,20.0,TRYNEW
Taj Mahal-Abids,"North Indian, Chinese, South Indian",300.0,30% off | Use TRYNEW,4.3,20.0,TRYNEW
Homely,"Home Food, North Indian, South Indian, Beverages, Desserts, Thalis",200.0,60% off | Use TRYNEW,4.3,20.0,TRYNEW
Matwale Doodh Ghar,"Beverages, Juices, Desserts, Ice Cream",150.0,,4.1,20.0,
Habeeb's Fast Food,"Fast Food, Chinese, Mughlai",300.0,,4.1,20.0,
SRI MAHALAXMI REDDY BROTHERS TIFFIN CENTER,"South Indian, Chinese",200.0,,4.4,20.0,
Om Best Paratha,North Indian,200.0,40% off | Use GUILTFREE,4.0,20.0,GUILTFREE
Haldiram's Sweets and Namkeen,"Sweets, Bakery, Desserts",300.0,,4.2,20.0,
Angaara 5,"Tandoor, Biryani, Chinese",400.0,20% off | Use TRYNEW,4.0,20.0,TRYNEW
Kunafa Nation,Desserts,229.0,20% off | Use TRYNEW,4.0,20.0,TRYNEW
G Pulla Reddy Sweets,"Sweets, Desserts, Snacks",300.0,,4.5,20.0,
Sri Santosh Dhaba,"Biryani, North Indian, Chinese, Tandoor, Beverages",350.0,20% off | Use TRYNEW,3.9,20.0,TRYNEW
Jaggu Mithai,"Desserts, Biryani, Chaat",250.0,10% off | Use TRYNEW,4.2,20.0,TRYNEW
Saptami Grand - Udupi Veg Restaurant,"South Indian, Chinese, Desserts",200.0,FLAT100 off | Use FLATDEAL,4.3,20.0,FLATDEAL
Rambharose - Bhattad Ki Idli,South Indian,150.0,40% off | Use GUILTFREE,4.1,20.0,GUILTFREE
Mandi @36,Arabian,300.0,20% off | Use TRYNEW,4.0,20.0,TRYNEW
Taj Mahal Hotel,"North Indian, Chinese, South Indian, Tandoor",300.0,,4.2,20.0,
Papaji's Kitchen,North Indian,250.0,30% off | Use TRYNEW,4.2,20.0,TRYNEW
Sharmaji Pav bhaji,"Chaat, North Indian, Chinese",200.0,15% off | Use PARTY,3.9,20.0,PARTY
Sri Siddhartha Tiffins and Meals,"Beverages, South Indian",150.0,,4.4,20.0,
Venkateshwara Fast Food,"Indian, Chinese, South Indian",150.0,,4.1,20.0,
Big Bowl,"Chinese, Asian",250.0,FLAT125 off | Use FLATDEAL,3.7,20.0,FLATDEAL
Nikhils hot&spice chinees fast food,Chinese,300.0,10% off | Use PARTY,4.1,20.0,PARTY
Zam Zam Fast Food,Chinese,200.0,40% off | Use GUILTFREE,3.7,20.0,GUILTFREE
Domino's Pizza,"Pizzas, Italian, Pastas, Desserts",400.0,,4.3,20.0,
FANCY ICE CREAM,"Ice Cream, Desserts",40.0,15% off | Use TRYNEW,4.0,20.0,TRYNEW
The Thick Shake Factory,"Beverages, American, Burgers",200.0,20% off | Use TRYNEW,4.0,20.0,TRYNEW
Natural Ice Cream,"Ice Cream, Desserts",150.0,20% off | Use SWIGGYIT,4.5,20.0,SWIGGYIT
Tipsy Topsy,"Chinese, Italian, Desserts, Bakery",250.0,25% off | Use PARTY,3.8,20.0,PARTY
Biryani Culture,"Biryani, Chinese, Desserts",200.0,20% off | Use TRYNEW,4.0,20.0,TRYNEW
Almond House,"Sweets, Desserts, Snacks",300.0,,4.6,20.0,
Green Bucket Biryani Ramanthapur,Biryani,450.0,,3.9,20.0,
Lassi Shop,"Juices, Ice Cream",100.0,,3.1,20.0,
TRAFFIC MANDI HOUSE,"Arabian, Indian",400.0,,3.6,20.0,
Maa Santosh Dhaba,"North Indian, Chinese",400.0,Free Green Salad on orders above ₹529,4.2,20.0,
King's Palace Family Restaurant,"Street Food, Chinese",300.0,40% off | Use TRYNEW,3.5,20.0,TRYNEW
Urban Munchies (US Pizza),"Pizzas, Beverages, Desserts",300.0,30% off | Use JUMBO,3.5,20.0,JUMBO
Nrs Nandini,South Indian,150.0,20% off | Use TRYNEW,4.3,20.0,TRYNEW
Sri Santosh Family Dhaba,Sweets,100.0,40% off | Use TRYNEW,4.1,20.0,TRYNEW
Ms mandi and shawarma,Indian,240.0,10% off | Use TRYNEW,3.7,20.0,TRYNEW
FENG SHUI LOCAL DABHA,"Bhutanese, Chinese, Tandoor",300.0,,0.0,20.0,
La Milano Pizzeria,"Pizzas, Italian, Mexican, Fast Food, Desserts",400.0,50% off | Use SPECIALS,3.8,20.0,SPECIALS
Captain Cook,"Chinese, Tandoor, Salads, Arabian",700.0,FLAT100 off | Use FLATDEAL,3.7,20.0,FLATDEAL
Bikanervala,"Sweets, North Indian, Chinese, South Indian",500.0,,4.3,20.0,
Sri Siddhi Vinayaka Tiffins and Meals,South Indian,100.0,15% off | Use PARTY,4.2,20.0,PARTY
Deccan Chef,"Haleem, Biryani, Mughlai, Chinese, Indian",150.0,Flat ₹125 off on orders above ₹249,4.1,20.0,
Juice World,Juices,150.0,20% off | Use TRYNEW,3.9,20.0,TRYNEW
Sri Sai Chat Bhandar,Chaat,100.0,10% off | Use TRYNEW,3.8,20.0,TRYNEW
Mohammedia Shawarma,"Arabian, Lebanese, Street Food",300.0,,3.8,20.0,
Tibb's Frankie,"Snacks, Indian, Fast Food",140.0,10% off | Use TRYNEW,4.2,20.0,TRYNEW
Chickpet Donne Biryani House,Biryani,400.0,15% off | Use PARTY,3.8,20.0,PARTY
The Healthy Grub,"Healthy Food, Biryani, Chinese, Beverages",300.0,50% off | Use TRYNEW,0.0,20.0,TRYNEW
Raju Gari Pulao,Biryani,300.0,30% off | Use TRYNEW,3.2,20.0,TRYNEW
CakeZone,"Bakery, Desserts, Sweets, Ice Cream",200.0,FLAT150 off | Use FLATDEAL,4.2,20.0,FLATDEAL
Black Pearl - Hotel Central Park,"North Indian, Chinese, Indian",300.0,50% off | Use TRYNEW,3.7,20.0,TRYNEW
Scoops,"Ice Cream, Desserts, Beverages",200.0,40% off | Use GUILTFREE,4.5,20.0,GUILTFREE
Fruitfull,Healthy Food,150.0,20% off | Use TRYNEW,4.2,20.0,TRYNEW
HARSHA DELUXE MESS,Indian,400.0,,3.8,20.0,
Balaji Mithai bhandar,Sweets,300.0,,4.1,20.0,
Amay Tiffin Corner (Amul),South Indian,100.0,30% off | Use TRYNEW,4.0,20.0,TRYNEW
Grand Bavarchi Restaurant,"Biryani, Chinese, North Indian, Mughlai",300.0,,3.6,20.0,
Sattipandu Biryani,Biryani,350.0,20% off | Use TRYNEW,3.4,20.0,TRYNEW
Graduate's Arabian Mandi,Indian,450.0,20% off | Use TRYNEW,4.1,20.0,TRYNEW
Apoorva mess,North Indian,300.0,15% off | Use PARTY,4.0,20.0,PARTY
Bhagmati Biryani,"Biryani, Telangana",250.0,15% off | Use JUMBO,3.7,20.0,JUMBO
The Royal Palace,"Chinese, Mughlai, Tandoor, Biryani",300.0,,4.0,20.0,
Taco Bell,Mexican,300.0,40% off | Use TRYNEW,3.8,20.0,TRYNEW
AMMA CHETHI  BHOJANAM,Indian,200.0,20% off | Use PARTY,3.9,20.0,PARTY
Suprabhat Tiffins,"South Indian, North Indian",300.0,FLAT100 off | Use FLATDEAL,4.1,20.0,FLATDEAL
10D Biryani Express,"Kebabs, Biryani, Indian",500.0,FLAT125 off | Use FLATDEAL,4.4,20.0,FLATDEAL
Zomoz - The Momo Company,"Tibetan, Chinese, Fast Food",250.0,40% off | Use TRYNEW,4.3,20.0,TRYNEW
Wow! Momo,"Tibetan, Healthy Food, Asian, Chinese, Snacks, Continental, Desserts, Beverages",300.0,Get every item under 99,4.0,20.0,
Mandava Curry Express,Indian,200.0,,3.6,20.0,
Shah Ghouse Spl Shawarma,Arabian,250.0,30% off | Use TRYNEW,3.9,20.0,TRYNEW
TTT juice center,Beverages,150.0,30% off | Use TRYNEW,4.4,20.0,TRYNEW
KS Bakers,"Bakery, Pizzas, Desserts, Snacks, Fast Food",250.0,20% off | Use TRYNEW,4.1,20.0,TRYNEW
Telangana Inti Ruchulu ,"South Indian, Telangana, Home Food",200.0,20% off | Use TRYNEW,4.1,20.0,TRYNEW
Temptations,"Desserts, Beverages",200.0,40% off | Use GUILTFREE,4.4,20.0,GUILTFREE
Makers of Milkshakes,"Beverages, Desserts, Ice Cream",300.0,40% off | Use TRYNEW,4.3,20.0,TRYNEW
FEEL IN SAUDIA SHAWARMA,"Arabian, Snacks, Fast Food",100.0,,3.8,20.0,
Krupa Mess & tiffins,South Indian,200.0,50% off | Use TRYNEW,3.6,20.0,TRYNEW
Spicy Noodles House,Chinese,200.0,10% off on all orders,3.7,20.0,
MOHAMMEDI CONFECTIONERS,"Sweets, Snacks",150.0,,4.1,20.0,
Chinese Pavilion,"Chinese, Asian",300.0,,4.2,20.0,
Hotel Suprabhat,"South Indian, Chinese, North Indian",400.0,,4.2,20.0,
Sahadeva Reddy's Juice Express,"Juices, Beverages, Desserts, Snacks",250.0,20% off | Use TRYNEW,4.2,20.0,TRYNEW
Bakers Q,Bakery,300.0,,4.0,20.0,
Shree Mahalaxmi Dhaba,Chinese,200.0,,3.4,20.0,
Heavenly Biryani,"Biryani, Hyderabadi, Mughlai",300.0,50% off | Use TRYNEW,3.1,20.0,TRYNEW
VNR Fresh Juice Center,"Beverages, Desserts",200.0,40% off | Use GUILTFREE,3.5,20.0,GUILTFREE
Rayalaseema Ruchulu,"South Indian, Biryani, Rayalaseema",450.0,20% off | Use TRYNEW,4.1,20.0,TRYNEW
Thinduda - A Telangana Kitchen,Indian,299.0,,4.0,20.0,
Sri Udupi Grand,"South Indian, Chinese, Indian",300.0,,4.1,20.0,
Agrawala Sweets,"Sweets, Fast Food",250.0,10% off | Use TRYNEW,4.2,20.0,TRYNEW
A-1 Pakoda House,"Indian, Chinese, Biryani, Snacks, Haleem",200.0,,4.1,20.0,
Pranav Dhaba,"Indian, Chinese",200.0,,3.9,20.0,
Al Yousufain Fast Food,Indian,300.0,25% off | Use TRYNEW,4.1,20.0,TRYNEW
Reddy Military Hotel,"South Indian, Hyderabadi, Chinese, North Indian, Andhra",250.0,,3.8,20.0,
BlueFox,"Biryani, North Indian, Chinese, Tandoor",300.0,20% off | Use TRYNEW,4.2,20.0,TRYNEW
Landmaark Family Restaurant,"North Indian, Chinese, Mughlai, Hyderabadi, Biryani, Seafood",500.0,10% off | Use TRYNEW,3.8,20.0,TRYNEW
SVM Grand,"South Indian, North Indian, Chinese",300.0,40% off | Use TRYNEW,3.9,20.0,TRYNEW
Krispy Kreme,"Desserts, Beverages",170.0,,4.3,20.0,
Desi Kitchen,Indian,200.0,,4.0,20.0,
Sri Narsing Bhelpuri & Juice Centre (Bogulkunta),"Indian, North Indian, Chaat, Italian, Beverages, Desserts, Punjabi, Snacks, Pizz...",200.0,,4.2,20.0,
Sri Balaji mithai bhandar,"Sweets, Desserts, Beverages",300.0,40% off | Use GUILTFREE,4.1,20.0,GUILTFREE
Oven Story Pizza,"Pizzas, Italian",400.0,,3.7,20.0,
MRCB CURRY POINT,"North Indian, Biryani, Snacks",300.0,,3.6,20.0,
SRI RAGHAVENDRA TIFFINS & MEALS,South Indian,280.0,10% off | Use TRYNEW,4.3,20.0,TRYNEW
SIRI FOOD COURT,"Chinese, Biryani",200.0,,3.5,20.0,
Raj Thali,"Gujarati, Rajasthani",300.0,,3.1,20.0,
Sri Lakshmi Fast Food,"Chinese, Biryani, Snacks",400.0,,0.0,20.0,
Anupama hotel,"Biryani, South Indian",250.0,,3.5,20.0,
Sri Radhe Chills and Thrills,"Italian, Juices",200.0,10% off | Use PARTY,4.2,20.0,PARTY
Cake L'amore,"Bakery, Beverages, Desserts",200.0,Flat ₹125 off on orders above ₹249,4.1,20.0,
Darleys ice cream,"Desserts, Ice Cream, Beverages",100.0,,4.2,20.0,
The Nosh Bistro,"Continental, Pizzas",250.0,,4.1,20.0,
Shawarma House,"Arabian, Snacks",200.0,,3.0,20.0,
Santosh Dhaba Old,"Biryani, North Indian, Chinese",300.0,50% off | Use TRYNEW,3.6,20.0,TRYNEW
New Max Ice Cream,"Ice Cream, Fast Food, Snacks, Chinese",200.0,,4.1,20.0,
Madhur Sweets,"Sweets, Desserts, Snacks",250.0,10% off | Use TRYNEW,4.5,20.0,TRYNEW
Jain Kitchen Pure Veg Restaurant,"North Indian, Jain, Chinese, Tandoor",200.0,10% off | Use PARTY,4.1,20.0,PARTY
Mayur Pan House,"Chaat, Paan, Juices",150.0,40% off | Use GUILTFREE,4.1,20.0,GUILTFREE
Sri Balaji Family Dhaba,"Indian, Biryani",300.0,FLAT250 off | Use FLATDEAL,3.8,20.0,FLATDEAL
The mandiwala,"Arabian, North Indian",460.0,20% off | Use TRYNEW,0.0,20.0,TRYNEW
Lassi shop-IS Sadan Cross Road,Ice Cream,100.0,,4.1,20.0,
Al Ibrahim hotel,Biryani,250.0,,3.7,20.0,
Minerva Sweets,"Sweets, Desserts, Snacks, Fast Food",200.0,40% off | Use TRYNEW,4.3,20.0,TRYNEW
Sai Charan Dhaba,"North Indian, Tandoor",300.0,15% off | Use PARTY,4.2,20.0,PARTY
Dunkin',"Beverages, Fast Food, Desserts",250.0,60% off | Use SPECIALS,4.1,20.0,SPECIALS
Grameen Kulfi,"Ice Cream, Desserts",120.0,,4.7,20.0,
Al-Hamoor Arabian Restaurant,"Arabian, Desserts",600.0,,0.0,20.0,
Mandilicious,"Arabian, Indian, Chinese",450.0,,3.9,20.0,
Ganesh Fast Food And Biryani Point,"Chinese, North Indian",200.0,,4.0,20.0,
New grand Restaurant & bakery,"Chinese, Mughlai, Kebabs",300.0,20% off | Use TRYNEW,3.9,20.0,TRYNEW
Al Noor Bakery,Bakery,120.0,,4.2,20.0,
Al baik Shawarma & juice point,"Juices, Fast Food",250.0,50% off | Use TRYNEW,4.0,20.0,TRYNEW
Hot Bucket Biryani,Biryani,300.0,30% off | Use TRYNEW,0.0,20.0,TRYNEW
Jalebi Wala,"Snacks, Sweets",100.0,,4.4,20.0,
Aamantran Pure Veg,"Biryani, North Indian, Chinese, Beverages",450.0,20% off | Use TRYNEW,4.2,20.0,TRYNEW
Subway,"Salads, Snacks, Desserts, Beverages",350.0,20% off | Use TRYNEW,4.2,20.0,TRYNEW
SAI KIRAN FOODS,North Indian,300.0,,4.3,20.0,
"AMERICAN BAKERS, BAKERS & CONFECTIONERS","Italian, Pizzas, Burgers",250.0,,4.0,20.0,
Govind Dosa,South Indian,250.0,20% off | Use TRYNEW,4.2,20.0,TRYNEW
Eagles Pizza,Pizzas,150.0,50% off | Use TRYNEW,3.6,20.0,TRYNEW
Nazeer Juice Centre,Juices,300.0,15% off | Use TRYNEW,3.9,20.0,TRYNEW
A.M.TIFFIN CENTRE,South Indian,110.0,,0.0,20.0,
Lucky's Multicuisine restaurant,"Biryani, Chinese, North Indian, South Indian, Tandoor, Hyderabadi, Continental, ...",400.0,50% off | Use TRYNEW,3.7,20.0,TRYNEW
Bawarchi Express,"Biryani, Snacks, Chinese",280.0,20% off | Use TRYNEW,4.5,20.0,TRYNEW
HOTEL SWEEKAR,South Indian,80.0,,3.9,20.0,
Ghar Pakwan,"Hyderabadi, Indian",300.0,20% off | Use TRYNEW,4.1,20.0,TRYNEW
The Joint Shawarma,Indian,400.0,,3.7,20.0,
Famous Ice Cream,Ice Cream,150.0,10% off | Use TRYNEW,4.2,20.0,TRYNEW
Wendy's Burgers,"American, Burgers, Fast Food, Beverages, Snacks",200.0,,3.8,20.0,
Barbeque Nation,"North Indian, Barbecue, Biryani, Kebabs, Mughlai, Desserts",600.0,FLAT125 off | Use FLATDEAL,3.5,20.0,FLATDEAL
Break The Bread - Sandwiches And Burgers,"Continental, Fast Food",200.0,,3.4,20.0,
Sultan Darbar,"Biryani, Chinese, Tandoor, North Indian, Desserts",300.0,15% off | Use TRYNEW,4.1,20.0,TRYNEW
Sahadeva Reddy's Chaat Chowk,Chaat,300.0,20% off | Use TRYNEW,4.2,20.0,TRYNEW
99 Pancakes,"Desserts, Beverages",300.0,,3.8,20.0,
Brook Bite Brownie,Desserts,200.0,,0.0,20.0,
Imperial Multi Cuisine Restaurant,"Biryani, Chinese, Indian, Kebabs, Tandoor",400.0,,4.1,20.0,
FB Cakes,"Bakery, Sweets, Snacks",300.0,40% off | Use TRYNEW,3.8,20.0,TRYNEW
Tadka - Desi Food by Papaji,"North Indian, Fast Food, Snacks, Biryani, Tandoor",250.0,30% off | Use TRYNEW,4.0,20.0,TRYNEW
Gayathri Tiffins and Meals,South Indian,100.0,,0.0,20.0,
Ramnagar Bawarchi,"Indian, Biryani",300.0,,3.5,20.0,
Riyan Hotel,"Hyderabadi, Mughlai, Biryani, Indian, Chinese",300.0,40% off | Use TRYNEW,3.7,20.0,TRYNEW
Subway,"Salads, Snacks, Desserts, Beverages",350.0,20% off | Use TRYNEW,4.2,20.0,TRYNEW
Sher-E-Punjab Dhaba,"Indian, Biryani",350.0,,4.1,20.0,
Deccan Chef,"Haleem, Biryani, Mughlai, Chinese, Indian",150.0,Flat ₹125 off on orders above ₹249,4.1,20.0,
Let's Scoop Ice Cream Cafe,"Ice Cream, Pizzas, Desserts, Bakery, Beverages",200.0,40% off | Use GUILTFREE,4.3,20.0,GUILTFREE
TASTY AND QUICK PIZZA,"Pizzas, Fast Food, Snacks",400.0,,0.0,20.0,
Swiss Castle,"Bakery, Sweets, Desserts",500.0,25% off | Use TRYNEW,4.5,20.0,TRYNEW
Karthikeya Curry Express,"South Indian, Andhra",150.0,,4.3,20.0,
Asian Meal Box,"Asian, Chinese",200.0,FLAT125 off | Use FLATDEAL,3.8,20.0,FLATDEAL
Nrs Nandini Sudha,"South Indian, North Indian, Chinese, Juices, Beverages",150.0,20% off | Use TRYNEW,4.3,20.0,TRYNEW
Asoka Restaurant,"Biryani, Kebabs",450.0,20% off | Use TRYNEW,3.7,20.0,TRYNEW
Master Chef Restaurant,"North Indian, Chinese, Biryani",250.0,,3.7,20.0,
Nitchal Grand Restaurant,"North Indian, Chinese, Tandoor, Biryani",250.0,,4.0,20.0,
King Ghouse Restaurant,"Indian, Biryani",400.0,,3.9,20.0,
Sukha Sagara North Indian & Chinese,"North Indian, Chinese",300.0,40% off | Use TRYNEW,4.1,20.0,TRYNEW
Mahendra Fast Food Center,"Chinese, Fast Food, Indian",350.0,,4.5,20.0,
Mr Showarma,"Chinese, Fast Food, Snacks",500.0,50% off | Use TRYNEW,0.0,20.0,TRYNEW
Sri Jyothi Raghavendra Udupi Veg,"South Indian, Ice Cream, Juices",120.0,30% off | Use TRYNEW,3.8,20.0,TRYNEW
Stop N Eat Chicken Shawarma,Arabian,200.0,10% off | Use TRYNEW,3.9,20.0,TRYNEW
NITAI CHAND SWEETS AND BAKERY,Sweets,300.0,,0.0,20.0,
Wahh Chaap,"Biryani, North Indian, Pastas, Italian",300.0,20% off | Use TRYNEW,4.1,20.0,TRYNEW
Akbar Fast Food,"Indian, Seafood, Beverages",300.0,,3.5,20.0,
Momo Zone - The Momo Company,"Chinese, Tibetan, Fast Food",200.0,40% off | Use TRYNEW,4.0,20.0,TRYNEW
Rayalavari Gayatri Ruchulu,"South Indian, Chinese, Snacks, Biryani",300.0,40% off | Use PARTY,0.0,20.0,PARTY
Nrs Mamatha Darshini,"South Indian, Chinese",150.0,20% off | Use TRYNEW,4.4,20.0,TRYNEW
LASSI SHOP HUB,"Beverages, Ice Cream, Snacks",200.0,30% off | Use TRYNEW,3.6,20.0,TRYNEW
Y2K Restaurant,"North Indian, Chinese",300.0,30% off | Use TRYNEW,3.3,20.0,TRYNEW
klip2deal homefood,"North Indian, Indian, Desserts",200.0,15% off | Use TRYNEW,3.1,20.0,TRYNEW
Ramnagar Bawarchi,"Indian, Biryani",300.0,,3.5,20.0,
Mini Punjab,"South Indian, North Indian, Chinese, Punjabi",400.0,30% off | Use JUMBO,3.8,20.0,JUMBO
Faasos - Wraps & Rolls,"Fast Food, North Indian, Street Food, Desserts",200.0,,3.9,20.0,
Louis Burger,"Burgers, Fast Food, Beverages",600.0,Flat ₹150 off on orders above ₹799,4.3,20.0,
Pista House Tea,Beverages,150.0,20% off | Use TRYNEW,4.5,20.0,TRYNEW
Shahenshah Mandi,"Indian, Biryani, Desserts",400.0,30% off | Use TRYNEW,4.0,20.0,TRYNEW
Moon Light Kitchen,"Biryani, Chinese, Indian, Kebabs",200.0,50% off | Use TRYNEW,0.0,20.0,TRYNEW
Lo! - Low Carb and Keto Foods,"Healthy Food, Keto, North Indian, Continental",150.0,40% off | Use SPECIALS,4.2,20.0,SPECIALS
Punjabi Paratha House,"Punjabi, North Indian",200.0,40% off | Use TRYNEW,4.0,20.0,TRYNEW
Khichdi express,North Indian,250.0,30% off | Use TRYNEW,3.9,20.0,TRYNEW
Cafe Coffee Day,"Beverages, Snacks, Desserts",300.0,50% off | Use TRYNEW,3.9,20.0,TRYNEW
Mithaiwala,"Sweets, Desserts, Snacks, Chaat",400.0,40% off | Use TRYNEW,4.2,20.0,TRYNEW
FB Cakes,"Bakery, Sweets, Snacks",300.0,40% off | Use TRYNEW,3.8,20.0,TRYNEW
Swaad of South,"South Indian, North Indian, Chinese",300.0,15% off | Use PARTY,4.3,20.0,PARTY
Agra Mithai Ghar And Restaurant,"Sweets, Beverages, Chaat, Desserts",200.0,15% off | Use TRYNEW,4.1,20.0,TRYNEW
Coffee Cream,"Beverages, Fast Food, Italian, Snacks",200.0,,4.1,20.0,
Babai Express,"Snacks, South Indian, Telangana",200.0,,3.9,20.0,
Taiba's Madina Darbar,"Cafe, Snacks, Chinese, Beverages, North Indian",200.0,30% off | Use TRYNEW,3.9,20.0,TRYNEW
Hotel Firdous,"Biryani, Continental, Tandoor",200.0,,4.2,20.0,
Ohri's Eatmor,"Ice Cream, Beverages, Desserts, Chaat, Italian",600.0,10% off | Use PARTY,4.2,20.0,PARTY
Al Saud Bait Al Mandi,Arabian,250.0,,4.0,20.0,
Santosh Dhaba,"Biryani, North Indian, Punjabi",300.0,50% off | Use TRYNEW,3.7,20.0,TRYNEW
Surabhi Grand,"Mughlai, North Indian, Chinese, Seafood",300.0,FLAT100 off | Use FLATDEAL,4.1,20.0,FLATDEAL
Udipi's Upahar,"South Indian, North Indian, Chinese, Snacks",300.0,10% off | Use PARTY,4.2,20.0,PARTY
Patel's Delights,"Indian, Snacks, Sweets, Street Food",350.0,30% off | Use SPECIALS,4.6,20.0,SPECIALS
Rammy Fast Food,Fast Food,200.0,10% off | Use JUMBO,3.8,20.0,JUMBO
Captain Cook,"Chinese, Tandoor, Salads, Arabian",700.0,FLAT100 off | Use FLATDEAL,3.7,20.0,FLATDEAL
Fruitfull,Healthy Food,150.0,20% off | Use TRYNEW,4.2,20.0,TRYNEW
Theobroma,Desserts,300.0,,4.5,20.0,
Falooda Shop,"Desserts, Beverages",300.0,,0.0,20.0,
Mandi House Arabian Restaurant,Arabian,400.0,,3.8,20.0,
Cherry's Kitchen,"Arabian, Chinese, Beverages",200.0,,0.0,20.0,
SAFA MATAM AL MANDI,"Street Food, Arabian, Indian",600.0,,3.8,20.0,
Sri Santosh Dhaba,"Biryani, North Indian, Chinese, Tandoor, Beverages",350.0,20% off | Use TRYNEW,3.9,20.0,TRYNEW
Signature Juice And Grill Station,"Juices, Beverages, Fast Food, Snacks, Desserts",450.0,,0.0,20.0,
Zaika Bites,Indian,300.0,,3.6,20.0,
Bombay Chowpati,"Chaat, Juices",200.0,FLAT100 off | Use FLATDEAL,3.8,20.0,FLATDEAL
Balaji Mukesh Mithai Bhandar,"Sweets, Street Food",200.0,30% off | Use TRYNEW,4.3,20.0,TRYNEW
Lucky Multicuisine Restaurant,"Biryani, North Indian, Tandoor, South Indian",350.0,FLAT125 off | Use FLATDEAL,3.7,20.0,FLATDEAL
Lucky's Biryani House,"Biryani, Chinese, North Indian, South Indian, Tandoor, Hyderabadi, Continental, ...",400.0,50% off | Use TRYNEW,3.6,20.0,TRYNEW
Balaji Mithai bhandar,Sweets,300.0,,4.1,20.0,
Gourmet Ice Cream Cakes by Baskin Robbins,"Ice Cream Cakes, Desserts, Ice Cream, Bakery",300.0,30% off | Use TRYNEW,4.3,20.0,TRYNEW
Santosh Dhaba Jashan,"North Indian, Chinese, Italian",300.0,20% off | Use TRYNEW,4.1,20.0,TRYNEW
UBQ by Barbeque Nation,"North Indian, Barbecue, Biryani, Kebabs, Mughlai, Desserts",300.0,Flat 175 off | Use FLAT175,3.4,20.0,FLAT175
Lavish Corner,"Chinese, Indian, Beverages, Snacks",120.0,30% off | Use TRYNEW,3.9,20.0,TRYNEW
New York Waffles & Dinges,"Waffle, Desserts, Bakery, Beverages",300.0,Flat ₹125 off on orders above ₹249,3.5,20.0,
SALASAR CHAT AND TIFFIN CENTRE,"South Indian, Chaat, Fast Food",100.0,,4.2,20.0,
65 CORNER FAST FOOD,Chinese,250.0,,4.0,20.0,
Suprabath tiffins,South Indian,150.0,20% off | Use TRYNEW,4.2,20.0,TRYNEW
Smoke & Sizzle,"Chinese, Biryani, Tandoor",500.0,25% off | Use TRYNEW,4.1,20.0,TRYNEW
Sri Sai Veg Curry Point,"South Indian, Andhra",200.0,,4.2,20.0,
Starbucks Coffee,"Beverages, Cafe, Snacks, Desserts, Bakery, Ice Cream",400.0,40% off | Use TRYNEW,4.3,20.0,TRYNEW
MilletBowl By UrbanKisaan,"Mexican, Healthy Food, Salads",250.0,20% off | Use TRYNEW,4.1,20.0,TRYNEW
Polar Bear,"Ice Cream, Desserts",350.0,20% off | Use TRYNEW,3.8,20.0,TRYNEW
Drunken Biryani,Biryani,350.0,25% off | Use JUMBO,0.0,20.0,JUMBO
Sri Ruchulu,"South Indian, Beverages",150.0,20% off | Use TRYNEW,4.2,20.0,TRYNEW
Naseeb Hotel,"Indian, Biryani",200.0,,3.5,20.0,
Euphoria,"Desserts, Bakery",600.0,10% off | Use TRYNEW,4.7,20.0,TRYNEW
Slurpy Shakes,"Beverages, Ice Cream, Desserts",150.0,FLAT125 off | Use FLATDEAL,4.1,20.0,FLATDEAL
AV's Smokebox,"Barbecue, Biryani, Chinese",250.0,20% off | Use TRYNEW,4.3,20.0,TRYNEW
Mohini Restaurant,"Afghani, Biryani, Chinese, Mughlai, North Indian",300.0,,3.8,20.0,
Sandwich Eatery,Beverages,250.0,40% off | Use GUILTFREE,4.0,20.0,GUILTFREE
LunchBox - Meals and Thalis,"North Indian, Punjabi, Biryani, Healthy Food, Jain, Thalis, Indian, Mughlai, Des...",200.0,FLAT125 off | Use FLATDEAL,4.0,20.0,FLATDEAL
The Dessert Zone,"Bakery, Desserts, Ice Cream, Beverages",200.0,FLAT125 off | Use FLATDEAL,4.1,20.0,FLATDEAL
Spice 6 Global Dining,"Indian, Chinese, Arabian, Desserts, Lebanese, Biryani, North Indian",300.0,30% off | Use TRYNEW,4.2,20.0,TRYNEW
Sri Narsing Bhelpuri and Juice,"Chaat, Italian, Juices, Fast Food",200.0,,4.0,20.0,
Santosh Family Dhaba Pure Veg,"North Indian, Chinese, Biryani",400.0,40% off | Use TRYNEW,3.9,20.0,TRYNEW
Turkish Central,"Turkish, Arabian",200.0,30% off | Use TRYNEW,3.5,20.0,TRYNEW
Nakshatra Inn Multi Cuisine Restaurant,"Biryani, Chinese, North Indian, South Indian",300.0,20% off | Use TRYNEW,3.8,20.0,TRYNEW
Cakes11,"Bakery, Desserts",200.0,40% off | Use GUILTFREE,3.9,20.0,GUILTFREE
HI King Bakers,"Bakery, Chinese, American",300.0,,4.3,20.0,
Lassi & Falooda Co,"Beverages, Desserts, Ice Cream",250.0,FLAT125 off | Use FLATDEAL,3.3,20.0,FLATDEAL
Softy Den,Beverages,150.0,,4.2,20.0,
Chung Hua Restaurant,"Chinese, Asian, Thai, Seafood, Singaporean, Malaysian",300.0,,4.2,20.0,
Taiba Bakery & Cafe,"Bakery, Pizzas, Fast Food, South Indian, Beverages, Burgers",300.0,10% off | Use TRYNEW,4.3,20.0,TRYNEW
The Matter of Batter,Desserts,400.0,,4.3,20.0,
Sanjos Donuts,Desserts,250.0,FLAT100 off | Use FLATDEAL,3.9,20.0,FLATDEAL
HY-LINE,"Arabian, Biryani",400.0,,0.0,20.0,
The Kunafa Station,Arabian,250.0,30% off | Use TRYNEW,3.9,20.0,TRYNEW
Santosh Premium Dhaba,"North Indian, Biryani, Chinese, South Indian",400.0,40% off | Use TRYNEW,4.0,20.0,TRYNEW
URBAN TADKA-The terrace kitchen,"Chinese, Seafood",500.0,,3.8,20.0,
Roll Zone,Indian,300.0,20% off | Use TRYNEW,3.9,20.0,TRYNEW
Balaji Ram Ratan mithai Bhandar,Snacks,100.0,,4.2,20.0,
50 Fruits,"Juices, Beverages",150.0,,4.1,20.0,
Andhra Meal Co,Andhra,200.0,50% off on all orders,3.4,20.0,
Amogh Multicuisine Restaurant,"Biryani, Chinese, Street Food",350.0,20% off | Use TRYNEW,4.0,20.0,TRYNEW
Paratha Wala,North Indian,150.0,FLAT100 off | Use FLATDEAL,4.0,20.0,FLATDEAL
Pagal Panda,"Chinese, North Indian",400.0,50% off | Use TRYNEW,3.8,20.0,TRYNEW
Thick shakes 24/7,Beverages,300.0,50% off on all orders,0.0,20.0,
Shahji Ka Dhaba,"North Indian, Chinese",400.0,Free Biryani Rice on orders above ₹669,4.2,20.0,
Shahji Ka Dhaba,"North Indian, Chinese",400.0,Free Biryani Rice on orders above ₹669,4.2,20.0,
Bench Cafe & Chinese Restaurant,"Chinese, Italian",500.0,,4.3,20.0,
TEJU MESS,South Indian,200.0,,4.0,20.0,
SHREE LALLA DHABA,North Indian,350.0,40% off | Use TRYNEW,4.0,20.0,TRYNEW
Nrs Anand Tiffins,South Indian,150.0,20% off | Use TRYNEW,4.0,20.0,TRYNEW
Parampara - Flavours of India,"North Indian, South Indian, Chinese",450.0,,4.2,20.0,
The Exotic Shawarma,Arabian,250.0,,4.1,20.0,
Dine Hill,"Arabian, Biryani, North Indian, Chinese",400.0,15% off | Use PARTY,4.0,20.0,PARTY
Prowl Foods By Tiger Shroff,"North Indian, Continental, Chinese, Snacks, Healthy Food, Salads",500.0,Flat ₹100 off on orders above ₹399,3.8,20.0,
KAPOOR'S CAFE,North Indian,400.0,,4.0,20.0,
Behrouz Biryani,"Biryani, Mughlai, Lucknowi, Hyderabadi, Kebabs, North Indian, Persian, Desserts",500.0,40% off | Use GUILTFREE,3.8,20.0,GUILTFREE
Marathi Katta,Maharashtrian,150.0,,4.2,20.0,
Hotel Brundavan Pride,"North Indian, Chinese, Biryani",400.0,,4.2,20.0,
Harley's Fine Baking,"Desserts, Fast Food, Bakery, Sweets, Snacks",500.0,20% off | Use TRYNEW,4.1,20.0,TRYNEW
Balaji sitaram mithai bhandar,"Sweets, Fast Food",150.0,,4.1,20.0,
Scoops Tiffin,South Indian,100.0,,4.2,20.0,
New Singh's -Veg Restaurant,"North Indian, Chinese",350.0,15% off | Use TRYNEW,4.2,20.0,TRYNEW
Shanbhag Hotel,"North Indian, South Indian, Chinese, Biryani, Thalis, Fast Food",300.0,25% off | Use TRYNEW,4.1,20.0,TRYNEW
Sahadeva Reddy Tiffins,South Indian,150.0,30% off | Use TRYNEW,4.2,20.0,TRYNEW
Stop n Go,Bakery,200.0,,4.2,20.0,
Papadams Restaurant,"Biryani, Chinese, Andhra, North Indian, South Indian, Tandoor",500.0,40% off | Use TRYNEW,3.8,20.0,TRYNEW
BLAH BLAH,"Biryani, Chinese, Seafood, Lebanese",500.0,20% off | Use TRYNEW,3.1,20.0,TRYNEW
SOHANLAL TEA TIME,"Beverages, South Indian",160.0,,4.3,20.0,
Balaji Dinesh Mithai bhandar,"Sweets, Snacks",200.0,30% off | Use TRYNEW,4.1,20.0,TRYNEW
THE MILKSHAKE SHOP,"Beverages, Desserts",300.0,15% off | Use TRYNEW,3.3,20.0,TRYNEW
DESI ROLLS,"Fast Food, Snacks",200.0,50% off | Use TRYNEW,3.1,20.0,TRYNEW
Agra Sweets,"Sweets, Bakery",200.0,,3.6,20.0,
Sivarama reddy sweets,Sweets,500.0,10% off | Use TRYNEW,4.4,20.0,TRYNEW
Mumbai Masalaa,"North Indian, Chinese, South Indian",300.0,10% off | Use PARTY,4.3,20.0,PARTY
Sampradaya Foods,"Sweets, Desserts",450.0,,4.4,20.0,
All Day Parathas,North Indian,300.0,FLAT125 off | Use FLATDEAL,4.3,20.0,FLATDEAL
Theobroma,Desserts,300.0,,4.5,20.0,
Mandi House Arabian Restaurant,Arabian,400.0,,3.8,20.0,
Hameedi Confectioners,Sweets,300.0,,4.5,20.0,
Shree Ganesh Darshini,South Indian,150.0,,3.8,20.0,
CAKES KABOOM,"Bakery, Desserts",250.0,Free Butterscotch Cupcake on orders above ₹479,3.9,20.0,
Sultan Darbar,"Biryani, Chinese, Tandoor, North Indian, Desserts",300.0,15% off | Use TRYNEW,4.1,20.0,TRYNEW
Al madina,Indian,100.0,,4.0,20.0,
Soul Rasa,"Indian, Healthy Food, Home Food, North Indian, South Indian",300.0,FLAT150 off | Use FLATDEAL,4.0,20.0,FLATDEAL
Kung Pao Kitchen,Chinese,300.0,40% off | Use GUILTFREE,4.1,20.0,GUILTFREE
Amaravathi Restaurant,"North Indian, Chinese",400.0,FLAT100 off | Use FLATDEAL,4.2,20.0,FLATDEAL
Starboy Pizza & Shakes,"Pizzas, Italian, Desserts, Beverages",300.0,Flat ₹125 off on orders above ₹249,3.8,20.0,
A.s Deccan chai & milkshakes,Indian,40.0,,0.0,20.0,
Chicha's,"Biryani, Hyderabadi, Indian, Street Food",200.0,,3.8,20.0,
MANDI TOWN,"Arabian, Chinese, Tandoor",500.0,20% off | Use TRYNEW,3.8,20.0,TRYNEW
Ohri's Cake Nation,"Desserts, Bakery",600.0,Flat ₹150 off on orders above ₹399,4.3,20.0,
Banjara9 Restaurants,"South Indian, Indian, Tandoor, Kebabs, Seafood, Chinese, Biryani, Desserts",400.0,20% off | Use TRYNEW,4.1,20.0,TRYNEW
Sri Shagun Mithai Vatika,"Desserts, Sweets",200.0,,4.1,20.0,
Sha Sha - Shandaar Shawarma,"Arabian, Snacks",300.0,15% off | Use PARTY,3.9,20.0,PARTY
Farmbowl By Urbankisaan,"Mexican, Healthy Food, Salads",300.0,20% off | Use TRYNEW,4.2,20.0,TRYNEW
Faasos' Signature Wraps & Rolls,"Snacks, Beverages, Desserts",350.0,40% off | Use TRYNEW,3.9,20.0,TRYNEW
Kebabieu,"Indian, Beverages",200.0,,0.0,20.0,
SRI RAMAKRISHNA REDDY PURE GHEE SWEETS,"Sweets, Snacks",400.0,,4.3,20.0,
CITY SPARK RESTAURANT,"North Indian, Chinese, Biryani, Arabian, Tandoor, Snacks",400.0,,4.0,20.0,
sri laxmidevi pindivantalu,"Snacks, Desserts",700.0,,0.0,20.0,
Alhamdulilah Juice Centre,Beverages,150.0,,3.3,20.0,
Meethe Miya,"Desserts, Sweets",300.0,,4.2,20.0,
Pakka local,"Indian, Chinese, Continental",500.0,,4.0,20.0,
Biryanis And More,"Biryani, Chinese, Tandoor",350.0,40% off | Use TRYNEW,3.7,20.0,TRYNEW
The Milkshake Factory,"Beverages, Desserts",300.0,50% off | Use TRYNEW,3.9,20.0,TRYNEW
Seventh Heaven Restaurant ,"Biryani, Indian, Chinese, Tandoor",600.0,,4.0,20.0,
Peshawar Restaurant,"Indian, Biryani",450.0,,4.0,20.0,
GARDEN STREET KITCHEN,"Biryani, Chinese, Snacks",200.0,30% off | Use TRYNEW,3.8,20.0,TRYNEW
Hotel Akshaya,"North Indian, Chinese, Tandoor, South Indian",300.0,,4.3,20.0,
Arabian Shawarma,Arabian,200.0,30% off | Use TRYNEW,3.7,20.0,TRYNEW
Samosa Singh,"Snacks, North Indian, Juices, Beverages",100.0,20% off | Use TRYNEW,4.3,20.0,TRYNEW
SHUBLAXMI DHABA,"Beverages, North Indian",150.0,,3.9,20.0,
Lassi Shop - Malakpet,Ice Cream,100.0,,3.4,20.0,
pizza fun,"Pizzas, American",200.0,50% off | Use TRYNEW,0.0,20.0,TRYNEW
Nani's Dosa,South Indian,300.0,,4.1,20.0,
Turkish Medbhee Restaurant,"Arabian, North Indian",500.0,15% off | Use TRYNEW,3.9,20.0,TRYNEW
Mithai Mandir,South Indian,300.0,,3.8,20.0,
Tara,"Chinese, Italian",300.0,,4.1,20.0,
Angaara,"Biryani, Chinese, Tandoor, Indian",250.0,10% off | Use TRYNEW,3.9,20.0,TRYNEW
Ibaco,"Ice Cream, Desserts",300.0,,4.3,20.0,
Sahadeva Reddy's Southern Spice,South Indian,200.0,30% off | Use TRYNEW,4.3,20.0,TRYNEW
K&C Bakers &confectioners,Bakery,200.0,15% off | Use PARTY,4.2,20.0,PARTY
The Good Bowl,"North Indian, Punjabi, Biryani, Chinese, Beverages, Desserts, Jain, Indian, Hyde...",400.0,40% off | Use TRYNEW,3.8,20.0,TRYNEW
Garam Masala,"North Indian, Chinese, Biryani",300.0,,3.8,20.0,
Sarvi Restaurant and Bakery,"Fast Food, Chinese, Desserts",350.0,20% off | Use TRYNEW,4.2,20.0,TRYNEW
Millet Express,"Healthy Food, South Indian, North Indian, Biryani, Chinese, Beverages",200.0,40% off | Use TRYNEW,4.1,20.0,TRYNEW
Chai Point,"Bakery, Beverages, Maharashtrian, Snacks, Street Food, South Indian, Punjabi",150.0,50% off | Use GUILTFREE,4.1,20.0,GUILTFREE
Burger Division,"Snacks, American",500.0,50% off | Use TRYNEW,4.1,20.0,TRYNEW
The Biryani Life,"Biryani, North Indian, Chinese",250.0,,3.8,20.0,
Jai Bhavani Spicy Hot Fast Food Centre,"Street Food, Indian, Chinese",100.0,,3.7,20.0,
Snazzy Ice Cream,"Ice Cream, Desserts, Ice Cream Cakes, Beverages",150.0,,3.7,20.0,
Burger It Up,"Burgers, Beverages, Desserts, American, Cafe",150.0,40% off | Use TRYNEW,4.1,20.0,TRYNEW
Shahi Zaiqa,"Biryani, North Indian, Chinese",300.0,40% off | Use TRYNEW,3.5,20.0,TRYNEW
The Brooklyn Creamery - Healthy Ice Cream,"Desserts, Ice Cream, Healthy Food",200.0,,4.4,20.0,
Dum Safar Biryani,"Biryani, Kebabs, Tandoor, Indian, Desserts",500.0,50% off | Use TRYNEW,0.0,20.0,TRYNEW
CRISPY CRUST,"Beverages, Fast Food, Ice Cream, Italian, Juices",300.0,,4.0,20.0,
Safeena Cakes And Bakes,"Bakery, Pizzas",150.0,,3.9,20.0,
Spicy Bucket Biryani,Biryani,450.0,30% off | Use TRYNEW,0.0,20.0,TRYNEW
Deccan Chinese Fast Food,Chinese,200.0,,3.7,20.0,
Nice Tiffins,South Indian,200.0,30% off | Use TRYNEW,4.1,20.0,TRYNEW
THE PORK AFFAIR,North Indian,450.0,,3.9,20.0,
Tajis Food Court,"Indian, South Indian, Chinese, Arabian",2.0,,3.8,20.0,
Krishna Idli and Dosa,"South Indian, Chinese, Pizzas, Andhra, Hyderabadi, Maharashtrian, Salads, Bevera...",250.0,,3.8,20.0,
Natural fruits Juices & Salads,"Beverages, Snacks",100.0,20% off | Use TRYNEW,0.0,20.0,TRYNEW
Balaji Jai Narayan Mithai Bhandar,Sweets,200.0,20% off | Use TRYNEW,3.8,20.0,TRYNEW
Third Wave Coffee,"Beverages, Cafe, Desserts",400.0,30% off | Use TRYNEW,4.4,20.0,TRYNEW
Sri Sai Pan Milan	,Paan,100.0,10% off | Use TRYNEW,0.0,20.0,TRYNEW
Chattu Ram Yadav Milk Shop,"North Indian, Chinese, Biryani, Beverages",150.0,,4.2,20.0,
Hive Honey Cake,Bakery,150.0,,4.4,20.0,
Haji Ali Juice Center,"Juices, Snacks, Pizzas, Chaat, Fast Food",200.0,25% off | Use TRYNEW,3.9,20.0,TRYNEW
Pure Veg Meals by Lunchbox,"North Indian, Desserts, Biryani",200.0,50% off | Use TRYNEW,4.1,20.0,TRYNEW
Sri Jai Durga Restaurant,"Biryani, Andhra",300.0,20% off | Use TRYNEW,3.6,20.0,TRYNEW
Jalpaan,"North Indian, Chinese, Continental, Italian",500.0,FLAT150 off | Use FLATDEAL,3.9,20.0,FLATDEAL
Burhanpur Khowa Jalebi,"Desserts, Sweets",200.0,15% off | Use TRYNEW,4.3,20.0,TRYNEW
Tabla,"North Indian, Chinese, South Indian",600.0,20% off | Use TRYNEW,4.1,20.0,TRYNEW
Miami Waffle & Jawbreakers,"Waffle, Desserts, Beverages",200.0,Flat ₹125 off on orders above ₹249,3.7,20.0,
Saini Fast Food,"North Indian, Chinese",300.0,,4.1,20.0,
Taj Bakery,Bakery,200.0,,3.8,20.0,
NEW SHALIMAR SWEETS AND BAKERY,Sweets,200.0,,0.0,20.0,
Cupcake Bliss Cake & Desserts,"Bakery, Desserts, Ice Cream, Beverages",200.0,FLAT125 off | Use FLATDEAL,4.0,20.0,FLATDEAL
Kitchen Flavours,Indian,300.0,,3.4,20.0,
Delight Delicious,"Chinese, Italian, Desserts, Chaat",280.0,,3.4,20.0,
Vijay curries and fast food centre,"South Indian, Indian, Chinese",100.0,,4.0,20.0,
KESHAVAM RESTAURANT,"Chinese, South Indian, North Indian",200.0,20% off | Use TRYNEW,0.0,20.0,TRYNEW
Ohri's Gufaa,North Indian,400.0,10% off | Use PARTY,4.1,20.0,PARTY
Old Mumbai Ice Cream,Ice Cream,200.0,,4.1,20.0,
De' Cafe Studio,"Continental, American, Italian",300.0,,3.9,20.0,
EXPRESS BY AB'S,"North Indian, Chinese",400.0,50% off | Use TRYNEW,3.6,20.0,TRYNEW
Simrats Dhaba,"North Indian, Chinese",300.0,20% off | Use TRYNEW,4.1,20.0,TRYNEW
Burger Hub's,"Desserts, Beverages",300.0,,3.6,20.0,
Shabab Bait Al Mandi,Arabian,500.0,,4.0,20.0,
Mahalaxmi Tiffin Centre,Indian,200.0,,4.0,20.0,
Chili's American Grill & Bar,"American, Mexican",700.0,60% off | Use TRYNEW,4.0,20.0,TRYNEW
Saravana Udupi Hotel,South Indian,150.0,FLAT100 off | Use FLATDEAL,4.2,20.0,FLATDEAL
Sri Sai Baba Tiffin Centre,South Indian,120.0,10% off | Use TRYNEW,0.0,20.0,TRYNEW
7 Hills Home Foods,"Indian, Snacks, Juices",100.0,10% off | Use TRYNEW,0.0,20.0,TRYNEW
Amrit Juice center,"Juices, Beverages, Ice Cream",250.0,,0.0,20.0,
Vadapav & More,"Street Food, Snacks",250.0,30% off | Use TRYNEW,3.2,20.0,TRYNEW
Brothers Bakery & Fast Food,Chinese,180.0,,0.0,20.0,
TEA TIME,Beverages,200.0,,4.1,20.0,
D-Lite Frankie,Indian,200.0,,3.8,20.0,
Offer Adda,Snacks,300.0,,0.0,20.0,
PVR Cafe,"Snacks, Fast Food, Beverages",400.0,Flat ₹125 off on orders above ₹249,3.9,20.0,
Cyan cafe,"American, Pizzas, Fast Food",400.0,FLAT100 off | Use FLATDEAL,3.6,20.0,FLATDEAL
3MG FAMILY RESTAURANT,"South Indian, Snacks, Juices, Beverages, Ice Cream, Sweets",100.0,10% off | Use TRYNEW,3.7,20.0,TRYNEW
Waffles & Dinges,Waffle,249.0,20% off | Use TRYNEW,0.0,20.0,TRYNEW
Badam House,"Fast Food, Snacks",400.0,,0.0,20.0,
EK PYALI CHAI,"Beverages, Chaat, Desserts, Fast Food, Juices",150.0,,3.9,20.0,
Mithas Sweets And Kashi Restaurant,"Biryani, Indian, Chinese",500.0,,0.0,20.0,
SRI LAKSHMI FOOD COURT,Chinese,200.0,,0.0,20.0,
US Pizza,"Italian, Pizzas, Beverages, Desserts",200.0,30% off | Use PARTY,3.0,20.0,PARTY
Maalgaadi by Dhaba Estd 1986 Delhi,"North Indian, Indian, Biryani, Punjabi, Kebabs, Grill, Mughlai, Desserts",300.0,10% off | Use PARTY,4.0,20.0,PARTY
Laxmi Balaji Santosh Family Dhaba,"North Indian, Chinese, Tandoor",400.0,,4.3,20.0,
99 Pancakes,"Desserts, Beverages",300.0,,3.8,20.0,
Churrolto,"Desserts, Italian, Mexican",700.0,,4.3,20.0,
Sarkar's kitchen,"Bengali, Biryani",600.0,,4.2,20.0,
Chaayos Chai+Snacks=Relax,"Bakery, Beverages, Chaat, Desserts, Home Food, Italian, Maharashtrian, Snacks, S...",250.0,50% off | Use TRYNEW,4.3,20.0,TRYNEW
Auberry The Bake Shop,"Bakery, Desserts, Beverages, Cafe",500.0,50% off | Use TRYNEW,3.7,20.0,TRYNEW
SHAKE STUDIO,"Desserts, Beverages, Snacks",300.0,FLAT150 off | Use FLATDEAL,4.0,20.0,FLATDEAL
Swathi Coffee Shoppe,"Beverages, Chinese, South Indian, North Indian",400.0,,4.2,20.0,
Diamond Pan Shop,"Paan, Indian",250.0,,4.6,20.0,
DONER KING,"Arabian, Fast Food",300.0,,0.0,20.0,
POORNA HOTEL,South Indian,150.0,10% off | Use TRYNEW,4.4,20.0,TRYNEW
Govi's Organic Foods,"Sweets, Desserts, Snacks, Healthy Food, Indian",300.0,,4.7,20.0,
Kshetra Restaurant,"North Indian, Chinese",400.0,,4.5,20.0,
Agrawala Sweets,"Sweets, Fast Food",250.0,10% off | Use TRYNEW,4.2,20.0,TRYNEW
Natural fruits Juices & Salads,"Beverages, Snacks",100.0,20% off | Use TRYNEW,0.0,20.0,TRYNEW
Turkish Medbhee Restaurant,"Arabian, North Indian",500.0,15% off | Use TRYNEW,3.9,20.0,TRYNEW
Cacke Smiith,Bakery,200.0,,0.0,20.0,
Agra Mithai Ghar And Restaurant,"Sweets, Beverages, Chaat, Desserts",200.0,15% off | Use TRYNEW,4.1,20.0,TRYNEW
Balaji Dinesh Mithai bhandar,"Sweets, Snacks",200.0,30% off | Use TRYNEW,4.1,20.0,TRYNEW
Telangana Inti Ruchulu ,"South Indian, Telangana, Home Food",200.0,20% off | Use TRYNEW,4.1,20.0,TRYNEW
NEW SHAHI NAAN,Indian,49.0,,4.7,20.0,
Hotel Shezan - Exhibition Ground,"Indian, Biryani, Chinese",200.0,10% off | Use PARTY,4.3,20.0,PARTY
Auberry The Bake Shop,"Bakery, Desserts, Beverages, Cafe",500.0,50% off | Use TRYNEW,3.7,20.0,TRYNEW
New Astoria Restaurant,"Chinese, Biryani",450.0,,3.9,20.0,
The Platinum Hotel-Clove,"North Indian, South Indian, Continental, Chinese",300.0,,4.2,20.0,
FANCY ICE CREAM,"Ice Cream, Desserts",40.0,15% off | Use TRYNEW,4.0,20.0,TRYNEW
SRI RAMI REDDY PURE GHEE SWEETS,"Continental, Sweets, Indian",500.0,,4.5,20.0,
Shawarma Hot And Cool Point,"Arabian, Snacks",200.0,,0.0,20.0,
Hotel Rajdhani,"North Indian, South Indian, Biryani, Tandoor",500.0,,3.7,20.0,
Santosh Dhaba (Santosh Castle),"North Indian, Biryani, Chinese, Italian, Mexican, Desserts",300.0,30% off | Use TRYNEW,3.7,20.0,TRYNEW
Krishtunga Restaurant,"South Indian, North Indian, Biryani",500.0,15% off | Use TRYNEW,0.0,20.0,TRYNEW
Chinese Kitchen,"Chinese, North Indian",249.0,30% off | Use TRYNEW,3.3,20.0,TRYNEW
Tempteas,"Beverages, Snacks",100.0,,3.8,20.0,
Moon Bean Cafe,"Indian, Chinese, Continental, Italian",250.0,,3.9,20.0,
Flyberry Gourmet - Healthy cafe,"Desserts, Snacks, Healthy Food",300.0,FLAT100 off | Use FLATDEAL,4.7,20.0,FLATDEAL
SRI VAIBHAV TIFFINS,South Indian,200.0,,4.3,20.0,
The Big Oven,"Bakery, Desserts",200.0,20% off | Use TRYNEW,4.1,20.0,TRYNEW
Juice Splash,"Juices, Beverages",100.0,,3.8,20.0,
Nizam's Pride Haleem,Haleem,500.0,,0.0,20.0,
The Kulfi & falooda project,"Beverages, Desserts",250.0,FLAT125 off | Use FLATDEAL,0.0,20.0,FLATDEAL
Biryani Crave by AV s Smokebox,"Biryani, Tandoor",500.0,20% off | Use TRYNEW,0.0,20.0,TRYNEW
Jar Cake Walkers,"Bakery, Desserts",200.0,,4.9,20.0,
Best Belgian waffle,"Beverages, Desserts, Waffle",250.0,50% off | Use TRYNEW,4.2,20.0,TRYNEW
Alfa Sweets,"Sweets, Bakery",150.0,,4.2,20.0,
Mamagoto,"Chinese, Asian",300.0,50% off | Use TRYNEW,4.1,20.0,TRYNEW
Bake Delight,"Bakery, Chinese",200.0,50% off | Use JUMBO,3.7,20.0,JUMBO
GULZAR SWEETS,"Sweets, Snacks",200.0,,4.5,20.0,
Spicy Dhaba,Indian,200.0,Free Butter Milk on orders above ₹659,4.1,20.0,
Al Farooj Sonu Kabab,"Biryani, Kebabs, North Indian, Snacks",200.0,,4.0,20.0,
Gelatica Ice Creams,"Desserts, Ice Cream",250.0,40% off | Use TRYNEW,4.1,20.0,TRYNEW
Oh my shawarma,Indian,300.0,30% off | Use TRYNEW,3.8,20.0,TRYNEW
Sky Shade Restaurant,"North Indian, Biryani",300.0,,4.1,20.0,
Veerji Ka Dhaba,North Indian,200.0,,4.0,20.0,
Famous Fried Chicken,Salads,300.0,,3.6,20.0,
TCS The Cake Story,"Bakery, Desserts",200.0,30% off | Use TRYNEW,4.0,20.0,TRYNEW
New Deccan Bakers and Sweet Shop,"Sweets, North Indian, Bakery",100.0,,3.7,20.0,
Ohri's Serengeti,Indian,400.0,,3.8,20.0,
Sundae Everyday Ice Creams,"Beverages, Ice Cream, Desserts",100.0,FLAT125 off | Use FLATDEAL,3.9,20.0,FLATDEAL
GRABZ,"Italian, Continental",250.0,10% off | Use TRYNEW,3.9,20.0,TRYNEW
Indari,"South Indian, Chinese",400.0,20% off | Use TRYNEW,4.1,20.0,TRYNEW
Hotel Shezan - Exhibition Ground,"Indian, Biryani, Chinese",200.0,10% off | Use PARTY,4.3,20.0,PARTY
Ghrelin - Cafe and Patisserie,"Bakery, Desserts, Pizzas, Pastas, Italian",450.0,40% off | Use TRYNEW,4.3,20.0,TRYNEW
Exotica,"Chinese, Indian",300.0,40% off | Use TRYNEW,4.4,20.0,TRYNEW
Lazzat Restaurant,"Biryani, Hyderabadi, Tandoor, South Indian, Indian, Chinese",400.0,,3.8,20.0,
Protein Chef,"North Indian, Healthy Food, Snacks",300.0,40% off | Use SPECIALS,4.0,20.0,SPECIALS
Dumont Creamery,"Beverages, Ice Cream",250.0,30% off | Use TRYNEW,4.4,20.0,TRYNEW
The Dessert Heaven - Pure Veg,"Bakery, Desserts, Sweets, Ice Cream",200.0,50% off | Use TRYNEW,4.0,20.0,TRYNEW
The fruit bowl,"North Indian, Juices",150.0,10% off | Use TRYNEW,4.1,20.0,TRYNEW
MUDDAPAPPU AVAKAI.COM,"South Indian, Indian, Andhra, Telangana, Beverages",300.0,10% off | Use TRYNEW,3.9,20.0,TRYNEW
Blend Tejaswi Raj,"Ice Cream, Beverages",250.0,25% off | Use JUMBO,3.5,20.0,JUMBO
Jenny's Brownies,"Desserts, Bakery, Beverages",300.0,Flat ₹125 off on orders above ₹249,3.7,20.0,
Miami Shakes & More,"Beverages, Desserts",300.0,Flat ₹125 off on orders above ₹249,3.6,20.0,
Green Dot Pizza,"Pizzas, Italian, Desserts, Beverages",300.0,Flat ₹125 off on orders above ₹249,3.9,20.0,
Hotel Indu Deluxe,"South Indian, Biryani",400.0,,4.1,20.0,
Turkish Shawarma & Burgers,"Arabian, American, Fast Food",300.0,,0.0,20.0,
Rolls & Bowls By FEEDX,"North Indian, Snacks, Salads, Beverages, Indian, Pastas",200.0,,3.6,20.0,
MONSTER SHAKES AND SNACKS,"Beverages, Snacks, Chinese, Fast Food, Pizzas",200.0,,0.0,20.0,
Splurge - Thickshakes and Milkshakes,"Desserts, Ice Cream, Beverages",300.0,50% off | Use TRYNEW,3.5,20.0,TRYNEW
Vijay biryani point and fast food,Biryani,100.0,,0.0,20.0,
UFO Fries And Corn,Continental,400.0,FLAT100 off | Use FLATDEAL,3.4,20.0,FLATDEAL
New Delhi Mithai Wala - Ramnagar Musheerabad,"Sweets, Juices, Chaat, Chinese",300.0,,4.0,20.0,
Red Rose Restaurant,"Bakery, Snacks",200.0,20% off | Use TRYNEW,0.0,20.0,TRYNEW
Mezza,Indian,300.0,,0.0,20.0,
Jalebiwalas Mithai Bhandar,"Desserts, Bakery",300.0,,3.8,20.0,
Cherry's Kitchen,"Arabian, Chinese, Beverages",200.0,,0.0,20.0,
Sri Shivshakti Jodhpur Sweets,"Sweets, Snacks",150.0,,4.1,20.0,
Elysium creamery,Ice Cream,200.0,,0.0,20.0,
Frykiki,"Fast Food, Pizzas, Pastas",350.0,30% off | Use TRYNEW,3.2,20.0,TRYNEW
AL HASHMI FAST FOOD,Biryani,200.0,,4.1,20.0,
PKP-Pidata Kinda Pappu,"Snacks, Indian",150.0,,4.2,20.0,
a bleu basil,"Indian, North Indian, Tandoor, Biryani, Italian, Continental, Chinese, Desserts,...",600.0,20% off | Use TRYNEW,3.9,20.0,TRYNEW
Bowls & Spoons,"Biryani, North Indian",250.0,25% off | Use TRYNEW,0.0,20.0,TRYNEW
T-Junction,Chinese,200.0,,0.0,20.0,
Rainbow Food Court,"Chinese, Biryani",300.0,20% off | Use TRYNEW,0.0,20.0,TRYNEW
MATA BHAVANI FAST FOOD,Chinese,200.0,,0.0,20.0,
Biryani Bites,"Biryani, North Indian",350.0,,0.0,20.0,
A1 GOLDEN FAST FOOD AND TEA POINT,Chinese,300.0,10% off | Use TRYNEW,0.0,20.0,TRYNEW
Lassi N More	,"Beverages, Ice Cream",200.0,60% off | Use TRYNEW,3.2,20.0,TRYNEW
Haiking Chinese Restaurant,Chinese,300.0,,4.3,20.0,
Yummy Bee - Low Calorie Desserts,Desserts,500.0,20% off on all orders,4.3,20.0,
Let's Scoop Ice Cream Cafe,"Ice Cream, Pizzas, Desserts, Bakery, Beverages",200.0,40% off | Use GUILTFREE,4.3,20.0,GUILTFREE
Huber & Holly,"Pizzas, Beverages, Ice Cream",500.0,40% off | Use SPECIALS,4.2,20.0,SPECIALS
Mughlai Restaurant,"Mughlai, Indian, Chinese, Biryani, Seafood",300.0,FLAT250 off | Use FLATDEAL,3.1,20.0,FLATDEAL
Dadu's Masala Republic,"Chaat, Indian, Continental, Biryani",500.0,30% off | Use TRYNEW,4.0,20.0,TRYNEW
Crispy Hub,"American, Pizzas, Continental, Snacks, Desserts, Beverages",250.0,,3.7,20.0,
SLAY Coffee,"Beverages, Desserts",200.0,FLAT125 off | Use FLATDEAL,4.3,20.0,FLATDEAL
Cream Stone Ice Cream Cakes,"Ice Cream, Desserts",500.0,60% off | Use TRYNEW,0.0,20.0,TRYNEW
Dhaba Estd 1986 Delhi,Indian,600.0,11% off | Use PARTY,4.2,20.0,PARTY
Combo Stories By 10D Express,"Continental, Chinese",400.0,FLAT125 off | Use FLATDEAL,4.0,20.0,FLATDEAL
Azaan Bait Al Mandi,Biryani,350.0,,3.8,20.0,
The Bon Appetite,"Chinese, Indian, Kebabs, Biryani",400.0,40% off | Use TRYNEW,4.2,20.0,TRYNEW
FISH OH FISH,"Biryani, Tandoor, Mughlai",400.0,,3.8,20.0,
Maggi Point,"Snacks, Fast Food, Burgers, Beverages",150.0,FLAT100 off | Use FLATDEAL,0.0,20.0,FLATDEAL
Manikantha Mess & Curry Point,"South Indian, Andhra",200.0,,3.3,20.0,
Fantastic Four Cafe,"Italian, Fast Food, Chinese",400.0,30% off | Use TRYNEW,4.1,20.0,TRYNEW
Chinese Corner restaurant,"Chinese, Beverages, Biryani",300.0,,0.0,20.0,
Baskin Robbins Happyness Shakes,"Beverages, Desserts",250.0,30% off | Use TRYNEW,0.0,20.0,TRYNEW
Waffle Studio,"Desserts, Beverages, Snacks",300.0,FLAT150 off | Use FLATDEAL,3.4,20.0,FLATDEAL
Juice Box,"Beverages, Snacks",150.0,,3.1,20.0,
Amma Special Food,"Indian, South Indian",100.0,10% off | Use TRYNEW,3.8,20.0,TRYNEW
Masala Medley,"North Indian, Chinese",449.0,,4.0,20.0,
Zam Zam Arabian Mandi	,"Arabian, Barbecue, Fast Food",500.0,60% off | Use TRYNEW,0.0,20.0,TRYNEW
Lazeez fast food,Chinese,200.0,,3.4,20.0,
New Lavish Food Court,Chinese,200.0,30% off on all orders,3.4,20.0,
Cafe Victory Biryani & Kababs,"Kebabs, Snacks, Biryani",300.0,,0.0,20.0,
INSOMNIA KETCHEN,"Snacks, Bakery, Ice Cream, Beverages",330.0,40% off | Use TRYNEW,0.0,20.0,TRYNEW
Amma Chethi Vanta Ruchulu,"South Indian, Snacks, Beverages",100.0,10% off | Use TRYNEW,0.0,20.0,TRYNEW
Kadir Nurman - Bonafide Shawarma,"Arabian, Lebanese, European",400.0,30% off | Use TRYNEW,4.1,20.0,TRYNEW
Oye Pizza,"Pizzas, Jain, Beverages",250.0,50% off | Use TRYNEW,3.7,20.0,TRYNEW
The Daily Bowl,"North Indian, Indian",200.0,50% off on all orders,0.0,20.0,
Seeta Fruit Juice Centre,"Ice Cream, Beverages",200.0,,3.4,20.0,
The Bubble Tea  Project,Beverages,260.0,10% off | Use TRYNEW,0.0,20.0,TRYNEW
Cremeborne - Ice Creams & dessert,"Ice Cream, Desserts, Beverages, Fast Food, Snacks",350.0,,4.1,20.0,
Roasted Cream,"Pizzas, Fast Food, Burgers",400.0,,0.0,20.0,
Itabian Restro,"Arabian, Kebabs",300.0,,4.4,20.0,
Wrap Up Crave by AVs Smokebox,"Lebanese, Fast Food, Snacks",400.0,20% off | Use TRYNEW,0.0,20.0,TRYNEW
New Akbar Fast Food,Indian,300.0,Free Akbar Special Soup on orders above ₹439,3.5,20.0,
Thickshake Zone,Beverages,450.0,50% off on all orders,4.0,20.0,
Binge O'Dimsum (B.O.D),"Thai, Asian, Chinese, Indian, Snacks, Japanese, Street Food, Pan-Asian, Korean, ...",600.0,40% off | Use PARTY,4.6,20.0,PARTY
Naintara ( By Sri Narsingh Bhelpuri ),"North Indian, Italian-American, Fast Food, Snacks",300.0,20% off | Use TRYNEW,4.2,20.0,TRYNEW
Sri Vigneshwara Curry Point,Indian,350.0,FLAT250 off | Use FLATDEAL,0.0,20.0,FLATDEAL
Bikanervala,"Sweets, North Indian, Chinese, South Indian",500.0,,4.3,20.0,
Sundae Everyday Ice Creams,"Beverages, Ice Cream, Desserts",100.0,FLAT125 off | Use FLATDEAL,3.9,20.0,FLATDEAL
Shree Ganesh Darshini,South Indian,150.0,,3.8,20.0,
Tempteas,"Beverages, Snacks",100.0,,3.8,20.0,
Darleys ice cream,"Desserts, Ice Cream, Beverages",100.0,,4.2,20.0,
Scoops Tiffin,South Indian,100.0,,4.2,20.0,
Qaffeine Coffee,"Beverages, Desserts, Snacks",400.0,30% off | Use TRYNEW,4.0,20.0,TRYNEW
Shah Ghouse Cafe & Restaurant,"Biryani, Chinese, Tandoor, Mughlai, North Indian",350.0,20% off | Use TRYNEW,4.1,20.0,TRYNEW
65 CORNER FAST FOOD,Chinese,250.0,,4.0,20.0,
Momo Guy,"Tibetan, Asian, Desserts",200.0,Flat ₹125 off on orders above ₹249,3.5,20.0,
Biryani Crave by AV s Smokebox,"Biryani, Tandoor",500.0,20% off | Use TRYNEW,0.0,20.0,TRYNEW
Mughal Restaurant,"Mughlai, Biryani, Chinese, Tandoor, North Indian",400.0,40% off | Use GUILTFREE,4.1,20.0,GUILTFREE
Class Inn,"North Indian, Chinese",200.0,,3.4,20.0,
Kshetra Restaurant,"North Indian, Chinese",400.0,,4.5,20.0,
Govind Dosa,South Indian,250.0,20% off | Use TRYNEW,4.2,20.0,TRYNEW
Baker Street,"Bakery, Continental",250.0,,4.2,20.0,
burrito ice cream,Ice Cream,200.0,10% off | Use TRYNEW,0.0,20.0,TRYNEW
Chai vaai cafe,"Chinese, Indian, Italian-American, Beverages, Burgers, Fast Food",400.0,FLAT100 off | Use FLATDEAL,4.2,20.0,FLATDEAL
CAFE ROSCA,"Pizzas, Pastas, Seafood",500.0,,4.2,20.0,
Bajrang chat bhandar,Chaat,150.0,,4.3,20.0,
Fullfills,"Cafe, Italian, Lebanese",500.0,,3.3,20.0,
Amritsar Haveli,"North Indian, Chinese, Beverages",600.0,,4.1,20.0,
Brown Bear,"Desserts, Bakery",250.0,,4.2,20.0,
Cookie Man,"Desserts, Ice Cream, Bakery",300.0,40% off | Use TRYNEW,3.4,20.0,TRYNEW
Dr.Bubbles - Champapet,"Waffle, Desserts, Beverages",300.0,30% off | Use TRYNEW,3.5,20.0,TRYNEW
Bombay Restaurant,"Biryani, Chinese, North Indian",200.0,,4.0,20.0,
Oriental Kitchen by 10D Express,Chinese,400.0,FLAT125 off | Use FLATDEAL,4.2,20.0,FLATDEAL
Punjabi kitchen,"Punjabi, North Indian, Indian",199.0,,4.0,20.0,
Aamantran Raga Sweets,"Chaat, Snacks, Bakery, Sweets",200.0,20% off | Use TRYNEW,4.0,20.0,TRYNEW
Delhi Chat House,"Chaat, Beverages, Fast Food, Pizzas",200.0,15% off | Use JUMBO,3.8,20.0,JUMBO
Southern Spice,"Biryani, North Indian, South Indian, Tandoor, Chinese",300.0,,4.0,20.0,
Shanbhags Chinese Food Court,"Chinese, North Indian, Snacks",300.0,,4.2,20.0,
V Cafe - Meals By PVR,"Pizzas, Snacks, American",400.0,Flat ₹125 off on orders above ₹249,3.6,20.0,
Prem Di Rasoi,"North Indian, Chinese",250.0,,4.2,20.0,
SAHASRA  KITCHEN'S,"Chinese, Indian",300.0,,3.7,20.0,
Food Field,Indian,400.0,,3.3,20.0,
Cravings,Snacks,250.0,,3.8,20.0,
BAGARA RICE AND CURRIES,"North Indian, Indian",200.0,,0.0,20.0,
LOW BUDGET CURRY POINT,"South Indian, Indian, Combo",200.0,,3.4,20.0,
Loukya Tasty Hub,"Pizzas, Snacks, Fast Food, Desserts, Beverages",99.0,50% off | Use TRYNEW,0.0,20.0,TRYNEW
Tinky Restaurant & Bar	,"Indian, Seafood, Biryani",500.0,,0.0,20.0,
sri vijay vaishnavi mess,Andhra,150.0,FLAT100 off | Use FLATDEAL,4.2,20.0,FLATDEAL
Kaati Zone Rolls & Wraps,"Fast Food, Bengali, Beverages, Desserts",150.0,40% off | Use GUILTFREE,3.9,20.0,GUILTFREE
Santosh Dhaba Estd 1990,"North Indian, Chinese, Biryani",400.0,40% off | Use GUILTFREE,3.3,20.0,GUILTFREE
Bombay Chowpati,"Chaat, Juices",200.0,FLAT100 off | Use FLATDEAL,3.8,20.0,FLATDEAL
Thali-Punjab-Di,"North Indian, Biryani, Tandoor, Thalis",250.0,,0.0,20.0,
Forbes cafe& Restaurant,Chinese,400.0,,0.0,20.0,
Jashwanth Tiffin Center,South Indian,250.0,15% off | Use TRYNEW,4.0,20.0,TRYNEW
Crazy Shawarma,"Lebanese, Snacks",300.0,,0.0,20.0,
MURABI,"Ice Cream, Juices, Beverages, Desserts, Sweets",100.0,20% off | Use TRYNEW,0.0,20.0,TRYNEW
Silver Salt,"Hyderabadi, Biryani, North Indian",300.0,10% off | Use PARTY,3.9,20.0,PARTY
NANI CAKES,"Bakery, Desserts",500.0,30% off | Use TRYNEW,0.0,20.0,TRYNEW
Aromas of Asia,"Chinese, Thai, Asian",300.0,,3.7,20.0,
Sri Vathsala Urban Mandi & Family Restaurant,"Chinese, Indian",300.0,,0.0,20.0,
Firangi Bake,"Italian, Mexican, Pastas, Ice Cream",400.0,50% off | Use GUILTFREE,3.8,20.0,GUILTFREE
Balaji dhaba,"North Indian, Biryani, Chinese, Indian, Tandoor",400.0,40% off | Use GUILTFREE,3.8,20.0,GUILTFREE
New Agra Sweets,"Sweets, Desserts",150.0,,4.1,20.0,
Falooda Shop,"Desserts, Beverages",300.0,,0.0,20.0,
Mana Inti Ruchulu,Indian,200.0,,0.0,20.0,
Winners Pizza (Fresh Dough),"Pizzas, Italian, Desserts, Beverages",300.0,Flat ₹125 off on orders above ₹249,4.0,20.0,
House of Milkshakes,"Beverages, Fast Food, Burgers, Snacks, Pizzas",300.0,,0.0,20.0,
New MayaBazar,Indian,200.0,,3.8,20.0,
Ofen,"European, Italian, Continental, Desserts",300.0,10% off | Use TRYNEW,4.2,20.0,TRYNEW
Bake Zone Bakery&Lounge,Desserts,300.0,,3.7,20.0,
Sahib Sindh Sultan,North Indian,300.0,,4.2,20.0,
BAGARA BOWL,Indian,500.0,,3.3,20.0,
The Platinum Hotel-Clove,"North Indian, South Indian, Continental, Chinese",300.0,,4.2,20.0,
Vamshis Noodles House,Chinese,160.0,,0.0,20.0,
Karachi Cafe,"Indian, Beverages",500.0,20% off | Use TRYNEW,4.0,20.0,TRYNEW
D 4 DONUT,"Desserts, Beverages",249.0,20% off | Use TRYNEW,4.0,20.0,TRYNEW
Aashirvad Tiffins,"South Indian, Chinese, Snacks, Juices",200.0,,4.2,20.0,
Mughlai Homely Kitchen	,Indian,399.0,FLAT250 off | Use FLATDEAL,0.0,20.0,FLATDEAL
Jain Jalsa,"Chinese, Fast Food, Indian",400.0,10% off | Use PARTY,4.2,20.0,PARTY
Apnaa Nukkad,"Chinese, Desserts",300.0,30% off | Use TRYNEW,3.7,20.0,TRYNEW
Sofra restaurent,"Biryani, Kebabs, Grill",599.0,,4.3,20.0,
Ciro's Pizzeria,"Italian, Pastas, Pizzas",600.0,,4.0,20.0,
Eat Italy,"Italian, American, Pastas, Pizzas",400.0,40% off | Use GUILTFREE,4.0,20.0,GUILTFREE
OKRA - Marriott,"Indian, Chinese, Italian",300.0,,3.9,20.0,
Wack Waffles & Brownies,"Waffle, Desserts, Beverages",300.0,Flat ₹125 off on orders above ₹249,3.5,20.0,
ATH - All Things Healthy!,"Healthy Food, Indian, Keto, Snacks, Bakery, North Indian",200.0,40% off | Use SPECIALS,4.2,20.0,SPECIALS
Fruit Wagon,"Beverages, Salads",150.0,,4.2,20.0,
Bangkok169,"Asian, Chinese, Combo",200.0,20% off | Use PARTY,3.7,20.0,PARTY
DOSTEA,Beverages,300.0,,4.4,20.0,
Sai Suruchi Grand Family Restaurant,"North Indian, Biryani, Chinese",350.0,10% off | Use TRYNEW,0.0,20.0,TRYNEW
Sarvi Bakery,"Desserts, Bakery",250.0,,4.1,20.0,
Flying Kombucha,"Healthy Food, Juices, Beverages",200.0,,0.0,20.0,
Terra Cakes,Bakery,100.0,60% off | Use TRYNEW,3.1,20.0,TRYNEW
Khichdi Paradise,"North Indian, Healthy Food, Desserts, Beverages",250.0,Flat ₹125 off on orders above ₹249,4.6,20.0,
The Board Game Cafe,"Indian, Chinese",500.0,,4.0,20.0,
Oven Spring Cake,Bakery,200.0,,4.7,20.0,
Veg Daawat by Behrouz,"Biryani, Mughlai, Lucknowi, Hyderabadi, Kebabs, North Indian, Persian, Desserts",500.0,FLAT125 off | Use FLATDEAL,0.0,20.0,FLATDEAL
DiabeSmart,"North Indian, Snacks, Healthy Food",300.0,40% off | Use SPECIALS,4.2,20.0,SPECIALS
PapaCream,"Ice Cream, Desserts",200.0,20% off | Use PARTY,4.1,20.0,PARTY
Sitara Foods,"Sweets, Desserts, Andhra, Snacks",410.0,,4.1,20.0,
Maa ki khichdi,"North Indian, Healthy Food, Desserts, Beverages",250.0,Flat ₹125 off on orders above ₹249,3.4,20.0,
Iceberg Organic Icecreams,"Ice Cream, Beverages, Juices, Desserts",200.0,FLAT100 off | Use FLATDEAL,4.1,20.0,FLATDEAL
Healing Rice Bowls,"Indian, Gujarati, Healthy Food",250.0,FLAT125 off | Use FLATDEAL,3.5,20.0,FLATDEAL
Barista Coffee,"Beverages, Snacks",350.0,Flat ₹150 off on orders above ₹499,3.2,20.0,
The Pizza Hub,Italian,200.0,,3.0,20.0,
Lasani Restaurant,"Mughlai, Chinese, Snacks, Seafood",2.0,,0.0,20.0,
"Giani's (From Delhi Chandni Chowk ,Since 1956)","Ice Cream, Desserts",250.0,40% off | Use TRYNEW,4.0,20.0,TRYNEW
Italian Express,"Italian, Mongolian, Jain",350.0,,3.5,20.0,
Ruchi food court ,"Indian, Seafood",200.0,,4.2,20.0,
Pizza And Burgers,"Pizzas, Beverages, Continental, Snacks, Desserts, American",300.0,,3.3,20.0,
RAMADEVI CURRY POINT & MESS,"Biryani, South Indian",100.0,,3.4,20.0,
Fried Chicken By Kilo	,"Burgers, Pastas, Desserts",450.0,30% off | Use TRYNEW,0.0,20.0,TRYNEW
Hotel Rajdhani,"North Indian, South Indian, Biryani, Tandoor",500.0,,3.7,20.0,
Hotel Abinand Grand,"Chinese, Biryani, North Indian, South Indian, Tandoor",300.0,,4.4,20.0,
Hotel Azizia,"North Indian, Biryani, Chinese",300.0,,3.7,20.0,
Dadu's - D'Creme,"Ice Cream, Desserts",300.0,30% off | Use TRYNEW,0.0,20.0,TRYNEW
ContiMental,"Pizzas, Fast Food, Burgers",400.0,30% off | Use TRYNEW,0.0,20.0,TRYNEW
"Oki Poki - Sushi, Dimsums & More","Chinese, Asian, Pan-Asian, Thai, Oriental",300.0,60% off | Use TRYNEW,0.0,20.0,TRYNEW
Samtrupthi Foods,South Indian,300.0,,0.0,20.0,
Food Street,"Chinese, Indian, North Indian, Andhra",250.0,,3.5,20.0,
Balaji Papalal Mithaiwala,"Sweets, Desserts",200.0,,4.1,20.0,
Bhagya lakshmi dhaba,North Indian,200.0,,0.0,20.0,
Palace Heights,"Indian, Chinese",300.0,,4.0,20.0,
The Golkonda Kitchen,"Indian, Chinese",300.0,,4.1,20.0,
NEW SHAHI NAAN,Indian,49.0,,4.7,20.0,
Urvasi Hotel,"North Indian, Andhra, Chinese",450.0,,4.2,20.0,
The Gallery Cafe,"Beverages, Continental",500.0,,0.0,20.0,
Gabru Di Chaap,"Fast Food, North Indian",300.0,,3.8,20.0,
Meetnparifoods,"Italian, Continental",300.0,,3.5,20.0,
Chat Corner,"Chaat, Snacks",150.0,,3.8,20.0,
Balaji Mukesh Mithai Bhandar,"Sweets, Street Food",200.0,30% off | Use TRYNEW,4.3,20.0,TRYNEW
Shawarma Buzz,Arabian,300.0,,0.0,20.0,
TCS THE CHEESE CAKE STORY,"Bakery, Desserts",200.0,,4.1,20.0,
Saara Veg,"North Indian, Punjabi, Indian, Fast Food, Chaat, Tandoor, Beverages, Chinese, De...",400.0,20% off | Use TRYNEW,4.1,20.0,TRYNEW
Te - A Tea Tradition,"Beverages, Snacks",150.0,,4.2,20.0,
Waffle House,"Cafe, Desserts, Beverages",400.0,,3.8,20.0,
Punjabi Chaap Corner,"Punjabi, Snacks, Chinese",200.0,FLAT100 off | Use FLATDEAL,4.0,20.0,FLATDEAL
Ice N Spice (Hotel Inner Circle),"Indian, Chinese, Tandoor, South Indian",450.0,,3.8,20.0,
Kekiz Cake Shop,"Bakery, Desserts",100.0,,3.7,20.0,
Trio-La Patisserie,"Bakery, Desserts",300.0,,0.0,20.0,
True Chinese,Chinese,250.0,,0.0,20.0,
Cake & Desserts - Eclair De Cake,"Bakery, Desserts",300.0,Flat ₹125 off on orders above ₹249,4.1,20.0,
Santosh Dhaba The Original,Chinese,250.0,20% off | Use TRYNEW,3.5,20.0,TRYNEW
Kouzina Kafe - The Food Court,"Bakery, Desserts, Ice Cream, Beverages",150.0,40% off | Use TRYNEW,4.1,20.0,TRYNEW
Milano Bakers,"Bakery, Pizzas, Burgers, Snacks",400.0,,0.0,20.0,
SAFA MATAM AL MANDI,"Street Food, Arabian, Indian",600.0,,3.8,20.0,
Indulge Ice cream By Almond House,"Bakery, Desserts, Beverages",300.0,10% off | Use TRYNEW,0.0,20.0,TRYNEW
 Cozy Corner by Aamantran,"Continental, Chinese, North Indian, South Indian, Beverages",550.0,30% off | Use TRYNEW,0.0,20.0,TRYNEW
Jai Durga maa apna taste,North Indian,200.0,10% off | Use TRYNEW,4.4,20.0,TRYNEW
MADHU RUCHI PURE VEG RESTAURANT,"Chinese, Indian",400.0,,3.8,20.0,
MADHU RUCHI PURE VEG RESTAURANT,"Chinese, Indian",400.0,,3.8,20.0,
Saleem Stores The Pan Parlour,"Paan, Beverages",150.0,10% off | Use TRYNEW,4.3,20.0,TRYNEW
SRI RAMI REDDY PURE GHEE SWEETS,"Continental, Sweets, Indian",500.0,,4.5,20.0,
simply punjab,"North Indian, Indian, Biryani",200.0,,0.0,20.0,
Barfi Delite,"Indian, Continental, Fast Food, Pizzas, Chaat",350.0,,4.1,20.0,
Bakers Bay,"Bakery, Snacks",150.0,,3.7,20.0,
SEVEN HILLS BAKERY,"Bakery, Fast Food, Pizzas, Snacks",300.0,,0.0,20.0,
Magic Pancakes,"Desserts, Bakery, Beverages",250.0,Flat ₹125 off on orders above ₹249,3.3,20.0,
Punjabi Paratha castle,Punjabi,150.0,,3.6,20.0,
RASOI PURE VEG DHABA,"North Indian, Chinese, Beverages",300.0,30% off | Use TRYNEW,3.8,20.0,TRYNEW
Reblon Pizza,"Pizzas, Beverages",200.0,,5.0,20.0,
Sri Purna s kitchen,"Tandoor, Indian, Biryani, Chinese",300.0,20% off | Use TRYNEW,3.9,20.0,TRYNEW
Sharma Ji Pav Bhaji and Fast Food,"Chinese, Biryani",200.0,,3.7,20.0,
Pioneer Bakes,"Bakery, Desserts",200.0,,0.0,20.0,
China Box'd,"Snacks, Chinese",200.0,50% off | Use TRYNEW,0.0,20.0,TRYNEW
Sher-E-Punjab Dhaba,"Indian, Biryani",350.0,,4.1,20.0,
Cakes By Ofen,"Bakery, Desserts",500.0,,0.0,20.0,
SRI RAGHAVENDRA UDIPI,"South Indian, Fast Food, Chinese",350.0,,0.0,20.0,
Balaji Hukmichand Mithai Bhandar,"Sweets, Snacks",400.0,15% off | Use TRYNEW,3.9,20.0,TRYNEW
Srinivasa Bakery,"Bakery, Desserts, Pizzas, Snacks",200.0,,3.4,20.0,
By The Bay,"Indian, Asian, Italian, European",300.0,,4.4,20.0,
Italian Affair,Chinese,200.0,,4.2,20.0,
hotdog king,"Fast Food, Snacks, Biryani, Beverages",250.0,,0.0,20.0,
China Town,"Chinese, Fast Food",200.0,,0.0,20.0,
The Burger Dudes,"Beverages, Snacks, Chinese, South Indian",250.0,30% off | Use TRYNEW,0.0,20.0,TRYNEW
JUICE & SANDWICH POINT,"Juices, Snacks",200.0,,4.0,20.0,
Hangout Food Court,"North Indian, Chinese",260.0,,0.0,20.0,
GRAND RESTAURANT,"Sweets, Biryani, Kebabs",500.0,50% off | Use TRYNEW,0.0,20.0,TRYNEW
Balaji Vishnu Sweet House,Sweets,150.0,,3.8,20.0,
Panda Momos,"Tibetan, Asian, Beverages, Chinese",200.0,Flat ₹125 off on orders above ₹249,3.8,20.0,
Fusion Biryani,"Biryani, Desserts",250.0,50% off on all orders,4.1,20.0,
PACHADLU VS KAARALU,"South Indian, Indian, Andhra, Telangana, Beverages",500.0,10% off | Use TRYNEW,4.1,20.0,TRYNEW
walima Ki Dawat,"Biryani, Hyderabadi, Mughlai",700.0,,0.0,20.0,
Toran Sweets Bakers Cafe',"Italian-American, Fast Food, Chinese, Snacks",400.0,30% off | Use TRYNEW,0.0,20.0,TRYNEW
B V Grand,"Pizzas, Fast Food, Indian",200.0,,0.0,20.0,
Sahadeva Reddy Pure Ghee Sweets,Sweets,400.0,20% off | Use TRYNEW,4.3,20.0,TRYNEW
Euro Bakers,"Pizzas, Burgers, Bakery, Fast Food",200.0,10% off | Use TRYNEW,3.5,20.0,TRYNEW
NEW Babar Bakery,"Bakery, Snacks",300.0,,0.0,20.0,
KHAANSAAB EXPRESS,"Mughlai, Indian, Biryani, Kebabs",450.0,,4.4,20.0,
Narayan Upahaar,"Indian, Chinese",500.0,,0.0,20.0,
Naimat Delight,"Indian, Desserts",240.0,50% off | Use TRYNEW,3.7,20.0,TRYNEW
Shouqeen - E - Lazeez Kitchen,Chinese,250.0,10% off | Use TRYNEW,4.0,20.0,TRYNEW
My Unique Shop	,"Bakery, Snacks",60.0,,0.0,20.0,
AMMI'S ZAIQA,"Fast Food, Biryani, Arabian, Indian, Desserts, Beverages",400.0,,0.0,20.0,
Absolute Froot,Beverages,150.0,,3.5,20.0,
Rehman Bakery,"Fast Food, Desserts",200.0,,0.0,20.0,
Pizza Pub,"Pizzas, Italian, European, Beverages",400.0,,0.0,20.0,
Bakers Kitchen,"Desserts, Pastas",200.0,40% off | Use TRYNEW,3.4,20.0,TRYNEW
Bakers Kitchen,"Desserts, Pastas",200.0,40% off | Use TRYNEW,3.4,20.0,TRYNEW
Agra mithai vatika,"Sweets, South Indian, Chaat, Beverages",150.0,,3.5,20.0,
The Daily Meal,Indian,200.0,50% off on all orders,0.0,20.0,
OYE BURGER MONKS ,"Continental, Snacks",250.0,30% off | Use TRYNEW,4.3,20.0,TRYNEW
Bhagyalaxmi Dhaba,North Indian,550.0,,4.3,20.0,
US Live Pops,American,150.0,,4.6,20.0,
Fun & Shakes,"Beverages, Pizzas, Snacks",250.0,40% off | Use TRYNEW,3.3,20.0,TRYNEW
Idhikas cakes and snacks,"Bakery, Fast Food, Pizzas",120.0,25% off | Use PARTY,0.0,20.0,PARTY
YA SHEIKH,"Arabian, Pizzas, Mexican, Kebabs",500.0,,0.0,20.0,
Falafel Affair,Arabian,200.0,,4.3,20.0,
Chandigarh Patiala Dhaba,"North Indian, Sweets",350.0,,3.8,20.0,
BOSS CAKE,"Bakery, Desserts, Snacks",129.0,,0.0,20.0,
Rasna buzz,"Indian, Chinese",200.0,,4.6,20.0,
MADHOUSE PIZZAS AND THICHSHAKES,"Beverages, Juices, Salads",300.0,,0.0,20.0,
Sri Santoshi Family Dhaba,Indian,200.0,,0.0,20.0,
Khichdi Central,"North Indian, Pastas, Salads",400.0,,3.4,20.0,
LA MAMA,"Pizzas, Snacks, Beverages",300.0,20% off | Use TRYNEW,3.7,20.0,TRYNEW
Mohan Dhaba,"Indian, Snacks, Chinese, Biryani, Beverages",300.0,,0.0,20.0,
Peri'S Kitchen,"Indian, Fast Food, Chinese, Pizzas, Burgers, Beverages",300.0,,0.0,20.0,
The Waffle Jar,"Waffle, Beverages",250.0,50% off | Use TRYNEW,0.0,20.0,TRYNEW
Roti'S Veerabhadreshwar Foods,"Indian, Thalis",200.0,,0.0,20.0,
Ministry Of Shakes,"Salads, Beverages",400.0,,0.0,20.0,
Salt & Pepper-The Central Court Hotel,"North Indian, Chinese, Continental, Seafood",250.0,50% off | Use JUMBO,4.0,20.0,JUMBO
New Balaji Family Dhaba	,"North Indian, Chinese, Biryani, Snacks",450.0,,0.0,20.0,
OYE PATIALA ON THE ROCKS,"Beverages, Snacks",250.0,30% off | Use TRYNEW,4.8,20.0,TRYNEW
Vriksh Sugarcane And Fruit Juice,Beverages,200.0,,0.0,20.0,
Gourmet Ice Cream Cakes by Baskin Robbins,"Ice Cream Cakes, Desserts, Ice Cream, Bakery",300.0,30% off | Use TRYNEW,4.3,20.0,TRYNEW
Sri Ganesh Tiffins,South Indian,150.0,,4.1,20.0,
Hunger Point,"Snacks, North Indian, Italian, Chinese, Fast Food, Waffle",200.0,FLAT100 off | Use FLATDEAL,3.2,20.0,FLATDEAL
Pakka Hakka,"Chinese, Snacks",300.0,,0.0,20.0,
Scoops Ice Cream,Ice Cream,150.0,,0.0,20.0,
PALAHARAM BY ARUNA SWAGRUHA FOODS,Sweets,400.0,,3.8,20.0,
ITC Fabelle Chocolates,"Bakery, Desserts",600.0,Flat ₹125 off on orders above ₹249,4.8,20.0,
Kulfi & Falooda Project,"Ice Cream, Beverages, Juices, Indian, Snacks, Healthy Food",200.0,FLAT125 off | Use FLATDEAL,0.0,20.0,FLATDEAL
AD FOOD COURT & FAST FOOD CENTRE,"Chinese, Fast Food",180.0,,0.0,20.0,
Mehraj Naan House,Indian,60.0,10% off | Use TRYNEW,0.0,20.0,TRYNEW
KUCHIPUDI RESTAURANTS,"Andhra, South Indian",300.0,,0.0,20.0,
VIP TASTY FOODS,Hyderabadi,200.0,,0.0,20.0,
Isha Snacks,Indian,200.0,,0.0,20.0,
OYE  SANDWICH MONKS,"Beverages, Snacks",250.0,30% off | Use TRYNEW,4.2,20.0,TRYNEW
TASTE HOME,Chinese,300.0,,0.0,20.0,
PavMan,Snacks,200.0,,0.0,20.0,
Headquarters,"Continental, Italian, North Indian, Chinese",300.0,,4.2,20.0,
Azaan Frankie n Shawarma,Indian,149.0,50% off | Use TRYNEW,3.2,20.0,TRYNEW
Agra Sweet House,"Sweets, Snacks",200.0,,0.0,20.0,
MOMO MAGIC,Chinese,200.0,,3.2,20.0,
Exotic Fruit Bowl,Salads,300.0,30% off | Use TRYNEW,0.0,20.0,TRYNEW
TASTY GHAR,"North Indian, Chinese, Biryani",300.0,,0.0,20.0,
Bagara Khana,"North Indian, Desserts",199.0,60% off | Use TRYNEW,0.0,20.0,TRYNEW
Zee N Cafe,"Italian-American, Fast Food, Snacks",300.0,,0.0,20.0,
Four Ounces,"Bakery, Desserts",500.0,,0.0,20.0,
Chai toh banti hai,"Beverages, Snacks",250.0,FLAT125 off | Use FLATDEAL,3.3,20.0,FLATDEAL
Harekrishna Santoshi Dhaba,"Indian, Chinese",200.0,,0.0,20.0,
Blue Diamond,Chinese,600.0,,3.9,20.0,
Mumbai Kulfi & Ice Cream,"Ice Cream, Desserts",100.0,30% off | Use TRYNEW,0.0,20.0,TRYNEW
SHREE BAKE & CAKES,"Pizzas, Fast Food, Snacks",300.0,,3.6,20.0,
Bong Chicken,Indian,300.0,,0.0,20.0,
Blue Dragon By Mandilicious,Chinese,300.0,,3.9,20.0,
The Grand Plaza Hotel,"Indian, Chinese, Tandoor, Seafood, Snacks, Desserts, Beverages",250.0,50% off | Use TRYNEW,0.0,20.0,TRYNEW
Burger Eats,"Snacks, Biryani",300.0,,3.5,20.0,
Papaj ki rasoi,North Indian,300.0,30% off | Use TRYNEW,3.8,20.0,TRYNEW
THE SHAKES LOUNGE,"Beverages, Ice Cream",400.0,50% off | Use TRYNEW,0.0,20.0,TRYNEW
Cane Blast,Juices,300.0,,0.0,20.0,
Rayalaseema Spice Kitchen,Biryani,500.0,50% off | Use TRYNEW,0.0,20.0,TRYNEW
Delight Delicious,"Chinese, Italian, Desserts, Chaat",280.0,,3.4,20.0,
Al Kareem Hotel,"Indian, Biryani",300.0,10% off | Use TRYNEW,4.2,20.0,TRYNEW
Jain Jalsa,"Chinese, Fast Food, Indian",400.0,10% off | Use PARTY,4.2,20.0,PARTY
Bakers s street,"Fast Food, Bakery, Desserts, Beverages",450.0,,0.0,20.0,
Dhaba Estd 1986 Delhi,Indian,600.0,11% off | Use PARTY,4.2,20.0,PARTY
KAPOOR'S CAFE,North Indian,400.0,,4.0,20.0,
Urvasi Hotel,"North Indian, Andhra, Chinese",450.0,,4.2,20.0,
Splurge - Thickshakes and Milkshakes,"Desserts, Ice Cream, Beverages",300.0,50% off | Use TRYNEW,3.5,20.0,TRYNEW
Krispy Kreme,"Desserts, Beverages",170.0,,4.3,20.0,
Agra mithai vatika,"Sweets, South Indian, Chaat, Beverages",150.0,,3.5,20.0,
Louis Burger,"Burgers, Fast Food, Beverages",600.0,Flat ₹150 off on orders above ₹799,4.3,20.0,
Kaati Zone Rolls & Wraps,"Fast Food, Bengali, Beverages, Desserts",150.0,40% off | Use GUILTFREE,3.9,20.0,GUILTFREE
Combo Stories By 10D Express,"Continental, Chinese",400.0,FLAT125 off | Use FLATDEAL,4.0,20.0,FLATDEAL
Prowl Foods By Tiger Shroff,"North Indian, Continental, Chinese, Snacks, Healthy Food, Salads",500.0,Flat ₹100 off on orders above ₹399,3.8,20.0,
Sofra restaurent,"Biryani, Kebabs, Grill",599.0,,4.3,20.0,
Hotel Svm Grand,"North Indian, Chinese, Biryani, Tandoor, Desserts",450.0,50% off | Use TRYNEW,0.0,20.0,TRYNEW
RICH CAKE WALA,Bakery,150.0,,4.1,20.0,
BK Cafe,"American, Cafe",350.0,,0.0,20.0,
ShakeZoned,"Beverages, Desserts",350.0,,4.5,20.0,
Rice++,Healthy Food,100.0,,3.6,20.0,
Fries Paradise,"Snacks, Beverages",100.0,,0.0,20.0,
Mumbaichee Chaat Street,"Chaat, Street Food",250.0,30% off | Use TRYNEW,0.0,20.0,TRYNEW
CFC Chinese Food Court,Chinese,200.0,,3.7,20.0,
Dragon Xpress,"Chinese, Asian",500.0,,0.0,20.0,
Anand Paan Shop,Indian,100.0,,0.0,20.0,
Bowl Over,"Chinese, North Indian, South Indian",299.0,FLAT150 off | Use FLATDEAL,0.0,20.0,FLATDEAL
Deccan Spices,"Chinese, Tandoor, Indian",300.0,,0.0,20.0,
Popstar Pizza,Pizzas,300.0,,0.0,20.0,
SANDWICH FUN,"Pizzas, Snacks",200.0,40% off | Use TRYNEW,0.0,20.0,TRYNEW
The Imperial Sweet House By Nasreen Hussaini,Sweets,500.0,,0.0,20.0,
Chef's Corner,"Italian, Snacks, Fast Food",300.0,,0.0,20.0,
Break The Bread - Sandwiches And Burgers,"Continental, Fast Food",200.0,,3.4,20.0,
Break The Bread - Sandwiches And Burgers,"Continental, Fast Food",200.0,,3.4,20.0,
Brook Bite Brownie,Desserts,200.0,,0.0,20.0,
Gayathri Tiffins and Meals,South Indian,100.0,,0.0,20.0,
Tadka - Desi Food by Papaji,"North Indian, Fast Food, Snacks, Biryani, Tandoor",250.0,30% off | Use TRYNEW,4.0,20.0,TRYNEW
TASTY AND QUICK PIZZA,"Pizzas, Fast Food, Snacks",400.0,,0.0,20.0,
Jamghat,"Snacks, Beverages, Chinese",450.0,,4.7,20.0,
Mughlai Dastarkhwan Multi Cuisine Restaurant,"Indian, Mughlai, Kebabs",250.0,FLAT250 off | Use FLATDEAL,0.0,20.0,FLATDEAL
Sriraadhe Vadpav,Indian,195.0,,0.0,20.0,
Makhanwala,"Indian, North Indian, Kebabs, Mughlai, Biryani, Thalis, Afghani, Home Food, Gril...",400.0,,3.8,20.0,
AADYA'S CLOUD KITCHEN,"Chinese, Arabian, Snacks",200.0,,0.0,20.0,
Garam Bucket Biryani,"Biryani, Snacks",309.0,,0.0,20.0,
HANGOUT ADDA,"Arabian, Fast Food, Snacks, Chinese",400.0,,0.0,20.0,
The Shawarma Daddy,"Arabian, Continental, Snacks",150.0,,0.0,20.0,
Cuppa The Kitchen,"Chinese, North Indian, Snacks",220.0,15% off | Use TRYNEW,3.6,20.0,TRYNEW
JAI BHAVANI SPICY HUT FAST FOOD,Chinese,200.0,,0.0,20.0,
Zaika Bites,Indian,300.0,,3.6,20.0,
Signature Juice And Grill Station,"Juices, Beverages, Fast Food, Snacks, Desserts",450.0,,0.0,20.0,
esthio,"Bakery, Pizzas, Fast Food",500.0,30% off | Use TRYNEW,0.0,20.0,TRYNEW
The shawarma'S Spot	,"Arabian, Snacks",300.0,30% off | Use TRYNEW,0.0,20.0,TRYNEW
Amul Top Spin,"Italian, Juices",200.0,,0.0,20.0,
Spicy Hot Bucket Biryani,"Indian, Chinese, Biryani",300.0,,0.0,20.0,
Rekha's Kitchen,"Indian, Biryani",500.0,,0.0,20.0,
Momo Crave by AV s Smokebox,"Chinese, Snacks",350.0,20% off | Use TRYNEW,0.0,20.0,TRYNEW
Bachchu s Chaat by Phulkaas,"Chaat, Snacks",200.0,,3.7,20.0,
IGP Cakes,"Desserts, Bakery, Sweets",299.0,,0.0,20.0,
Dilli De'Parathe,"Indian, Beverages",300.0,,0.0,20.0,
Khaathwik's Kitchen,"North Indian, Chinese, Biryani, Fast Food",300.0,,0.0,20.0,
Tasty Momos,Indian,200.0,20% off | Use TRYNEW,3.8,20.0,TRYNEW
Rasa by Ashoka,"North Indian, Biryani, Desserts, Ice Cream, Snacks",500.0,,0.0,20.0,
MAMA O PIZZA,"Pizzas, Fast Food, Burgers",200.0,20% off | Use PARTY,0.0,20.0,PARTY
JS Fast Food,"North Indian, Indian, Snacks, Beverages",250.0,,0.0,20.0,
Avani Kitchen (Pure Veg),Indian,390.0,,0.0,20.0,
Mahankali Jalebi Wala,"Sweets, Snacks",100.0,,0.0,20.0,
Burger fun,"Pizzas, Snacks, Beverages",200.0,40% off | Use TRYNEW,3.4,20.0,TRYNEW
Just Bake,Bakery,600.0,,0.0,20.0,
YA SHEIKH CAFE,"Snacks, Indian, Pizzas",200.0,,0.0,20.0,
Jalpoori,"Chaat, Indian, Juices",200.0,,3.0,20.0,
Kasuall,"North Indian, Indian, South Indian, Chinese, Tandoor",300.0,,0.0,20.0,
7 Spice,"North Indian, Mughlai, Chinese",250.0,,0.0,20.0,
Surprise India - Cakes & Desserts,"Bakery, Desserts",300.0,50% off | Use TRYNEW,3.7,20.0,TRYNEW
HUSSAIN FOODS,"Chinese, Indian",300.0,,0.0,20.0,
Town Of Foodies,Chaat,200.0,30% off | Use JUMBO,0.0,20.0,JUMBO
Seven Star Cafe,Indian,200.0,,0.0,20.0,
The Burrito Bowl,"Mexican, Beverages",200.0,,3.7,20.0,
Melting Pot,"Chinese, North Indian",400.0,,3.6,20.0,
FAMOUS FOOD COURT,"Chinese, North Indian",400.0,,0.0,20.0,
The Sandwich story,"Fast Food, Beverages",250.0,FLAT125 off | Use FLATDEAL,3.0,20.0,FLATDEAL
Bar House And Restaurant,"Indian, Chinese, Seafood, Kebabs, Biryani, Snacks",250.0,,0.0,20.0,
Bar House And Restaurant,"Indian, Chinese, Seafood, Kebabs, Biryani, Snacks",250.0,,0.0,20.0,
Butter Singh,"North Indian, Biryani, Chinese, Beverages, Kebabs, Street Food",400.0,20% off | Use TRYNEW,3.8,20.0,TRYNEW
MASALA FLIPS,"Snacks, Chaat, Beverages",200.0,,4.4,20.0,
CAFE AMLIN,"Pastas, Indian, Snacks, Italian",300.0,,0.0,20.0,
Masala Republic by Dadu's,"Indian, Snacks, Chinese, Chaat, Pizzas, Pastas",499.0,,0.0,20.0,
Svs Pure Vegetarian Restaurant	,"North Indian, South Indian, Biryani",250.0,20% off | Use TRYNEW,0.0,20.0,TRYNEW
Fresh juice bar,"Beverages, Juices, Desserts",99.0,,0.0,20.0,
Takeout Cafe,"Beverages, Fast Food, Chinese, Pastas, Indian, Biryani",200.0,,0.0,20.0,
Sudha darshini fast food,Chinese,180.0,,4.4,20.0,
Swaad Veg,"Kebabs, Biryani, Tandoor, Snacks",500.0,FLAT125 off | Use FLATDEAL,0.0,20.0,FLATDEAL
Kebab Klub,"Kebabs, Biryani, Tandoor, Snacks",500.0,50% off | Use TRYNEW,0.0,20.0,TRYNEW
Ovenfresh,Pizzas,200.0,,0.0,20.0,
Korner Slices,"Pizzas, Continental",250.0,30% off | Use TRYNEW,0.0,20.0,TRYNEW
Blue Sea Hotel,"Chinese, North Indian, Tandoor, Salads, Biryani, Desserts",450.0,,0.0,20.0,
Mr Delicious Wala,"North Indian, Biryani",310.0,,0.0,20.0,
Boneless ChickenWala,"Snacks, Burgers, Pastas, Desserts",300.0,,0.0,20.0,
Kadupuninda Bojanam,"South Indian, Snacks, Beverages",100.0,10% off | Use TRYNEW,0.0,20.0,TRYNEW
Ice N Spice (Hotel Inner Circle),"Indian, Chinese, Tandoor, South Indian",450.0,,3.8,20.0,
Rayalaseema Spice Kitchen,Biryani,500.0,50% off | Use TRYNEW,0.0,20.0,TRYNEW
Meetnparifoods,"Italian, Continental",300.0,,3.5,20.0,
Wholesale Cakes,Bakery,300.0,,3.9,20.0,
Makhanwala,"Indian, North Indian, Kebabs, Mughlai, Biryani, Thalis, Afghani, Home Food, Gril...",400.0,,3.8,20.0,
JS Fast Food,"North Indian, Indian, Snacks, Beverages",250.0,,0.0,20.0,
 Cozy Corner by Aamantran,"Continental, Chinese, North Indian, South Indian, Beverages",550.0,30% off | Use TRYNEW,0.0,20.0,TRYNEW
Cookie Man,"Desserts, Ice Cream, Bakery",300.0,40% off | Use TRYNEW,3.4,20.0,TRYNEW
Shanbhags Chinese Food Court,"Chinese, North Indian, Snacks",300.0,,4.2,20.0,
Onesta,"Italian, Desserts, Pizzas, American, Snacks",200.0,FLAT150 off | Use FLATDEAL,3.7,20.0,FLATDEAL
Al madina,Indian,100.0,,4.0,20.0,
Al - Akbar Fast Food Corner,"North Indian, Chinese",200.0,,4.1,20.0,
Cakes11,"Bakery, Desserts",200.0,40% off | Use GUILTFREE,3.9,20.0,GUILTFREE
Karachi Cafe,"Indian, Beverages",500.0,20% off | Use TRYNEW,4.0,20.0,TRYNEW
walima Ki Dawat,"Biryani, Hyderabadi, Mughlai",700.0,,0.0,20.0,
The Jaava Pot,Beverages,200.0,,0.0,20.0,
Sundaes zone,Desserts,300.0,FLAT250 off | Use FLATDEAL,0.0,20.0,FLATDEAL
Shiva Balaji Tiffins & Fastfood,"Chinese, North Indian, Biryani",500.0,25% off | Use TRYNEW,0.0,20.0,TRYNEW
Burger Break,Burgers,249.0,30% off | Use TRYNEW,0.0,20.0,TRYNEW
Pop Pulao,Indian,200.0,50% off on all orders,0.0,20.0,
Megha pan house and tiffin centre,"South Indian, Snacks",100.0,,0.0,20.0,
Pizza & pasta kreation,"Pizzas, Italian",300.0,,0.0,20.0,
THICKSHAKE JUNCTION,Indian,220.0,,0.0,20.0,
ShakeZone,Beverages,250.0,50% off | Use TRYNEW,0.0,20.0,TRYNEW
Om Durga Veg Foods,"South Indian, Chinese",250.0,,3.8,20.0,
Crispy Corner,"Burgers, Fast Food, Snacks, Beverages",200.0,,0.0,20.0,
AF PARADISE FOOD COURT,"Fast Food, South Indian, Chinese",200.0,,3.8,20.0,
Al-Mayyam Mandi,Meat,300.0,,0.0,20.0,
GOURMET GULLY,"Continental, Salads, Italian, Pizzas, American, Pastas, Desserts",200.0,FLAT150 off | Use FLATDEAL,3.9,20.0,FLATDEAL
Sizzling Joe,"Chinese, Asian, Pastas",700.0,,0.0,20.0,
India kitchen,"South Indian, Chinese, Biryani, Thalis",400.0,,0.0,20.0,
kolhapuri thaska,"Indian, Fast Food",100.0,,3.8,20.0,
1D cafe,"Italian, Fast Food",200.0,,3.7,20.0,
-Vellanki fruit juices and milkshakes,"Juices, Beverages",150.0,,3.6,20.0,
Maggi House,"Snacks, Fast Food, Beverages",150.0,,3.2,20.0,
Jalaram Foods,"Indian, Gujarati",300.0,,0.0,20.0,
Mezzo milkshake & snack,"Beverages, Desserts, Chaat",300.0,50% off | Use TRYNEW,0.0,20.0,TRYNEW
GLOBAL FOOD COURT,"Indian, Chinese",200.0,,0.0,20.0,
HEALTHY HUT,"Beverages, Indian",150.0,,0.0,20.0,
Hashtag Delicious Kitchen,"Indian, North Indian, Chinese",200.0,,0.0,20.0,
Woking Street,"Pan-Asian, Chinese, Japanese, Thai",500.0,FLAT150 off | Use FLATDEAL,0.0,20.0,FLATDEAL
Shekar's kavadi cafe,"Chinese, Biryani",250.0,,0.0,20.0,
Momo Guy,"Tibetan, Asian, Desserts",200.0,Flat ₹125 off on orders above ₹249,3.5,20.0,
Class Inn,"North Indian, Chinese",200.0,,3.4,20.0,
Wallonia Waffle Co.,Desserts,300.0,Flat ₹125 off on orders above ₹249,3.4,20.0,
MANDI CULTURE,"South Indian, Indian, Desserts",600.0,,0.0,20.0,
The Waffle Man (From the House Of Cookieman),"Waffle, Desserts, Ice Cream",350.0,50% off | Use TRYNEW,0.0,20.0,TRYNEW
Froops Natural Ice Cream,"Ice Cream, Desserts",150.0,,0.0,20.0,
Sanskari Paratha,"Biryani, North Indian, Beverages, Desserts",300.0,Flat ₹125 off on orders above ₹249,3.6,20.0,
Sandwich  Dudes,Snacks,250.0,30% off | Use TRYNEW,0.0,20.0,TRYNEW
Snack Lives Matter,"Snacks, Chinese",250.0,,0.0,20.0,
Bowl 99,"Indian, North Indian, South Indian",200.0,50% off on all orders,4.5,20.0,
HOTEL AL KAREEM'S,"Biryani, North Indian, Chinese",300.0,,3.5,20.0,
Fryeo,"Pizzas, Fast Food, Indian",350.0,,0.0,20.0,
The Original Paan & Smoothies,"Indian, Paan",200.0,,4.3,20.0,
Cafe Star and Bakery,"Chinese, North Indian, Snacks",300.0,20% off | Use TRYNEW,0.0,20.0,TRYNEW
Fryed wings,Fast Food,250.0,,0.0,20.0,
Saakshi Biryani House,Biryani,400.0,,0.0,20.0,
House of Candy,"Desserts, Indian",400.0,10% off | Use PARTY,0.0,20.0,PARTY
EAT WITH FUN,"Indian, Pizzas",250.0,40% off | Use TRYNEW,3.1,20.0,TRYNEW
Firangi Fried chicken,"Continental, Indian, Desserts",300.0,,4.0,20.0,
Tawakkal Fast Food Center,"Chinese, Snacks",300.0,,0.0,20.0,
Muffin Magic,"Bakery, Desserts",200.0,,5.0,20.0,
Mon Amour,"Desserts, Beverages, Pizzas, Chinese, North Indian",400.0,,0.0,20.0,
Husnain Cafe,"American, Pizzas",160.0,FLAT100 off | Use FLATDEAL,3.4,20.0,FLATDEAL
Lacto Nile,Bakery,150.0,,0.0,20.0,
Bhagwati Sweets And Khara	,"Sweets, Desserts",200.0,,0.0,20.0,
AR Food Corner,"Chinese, Fast Food, Biryani, Desserts",350.0,20% off | Use TRYNEW,0.0,20.0,TRYNEW
SRI Lakshmi restaurant and bar,"South Indian, North Indian",500.0,,3.8,20.0,
M/S CAKES ONLINE,Bakery,400.0,,0.0,20.0,
Taste of Tibet,"Tibetan, Chinese, Fast Food, Asian",200.0,,3.8,20.0,
Club 10 Chicken,"Chinese, Pizzas, North Indian, Beverages, Fast Food",200.0,20% off on all orders,0.0,20.0,
Malik Baker's,"Bakery, Burgers, Pizzas",200.0,,0.0,20.0,
Shawarma corner and more,"Arabian, Snacks",299.0,30% off | Use TRYNEW,0.0,20.0,TRYNEW
Wild West Burgers,"Burgers, Snacks",300.0,10% off | Use TRYNEW,0.0,20.0,TRYNEW
7 Layers Bakery And Snacks	,"Bakery, Snacks, Pizzas, Burgers, Fast Food",299.0,,0.0,20.0,
Mozzarella Dudes,"Pizzas, Snacks",500.0,60% off | Use TRYNEW,0.0,20.0,TRYNEW
VS Food Court,"Indian, South Indian, Snacks, Biryani, Chinese",300.0,,0.0,20.0,
Rice stories,"Chinese, Indian",300.0,,0.0,20.0,
EAT N TREAT,Sweets,250.0,,0.0,20.0,
Cupcake House,Desserts,150.0,,0.0,20.0,
Bachelor Burgers,"Continental, Italian",200.0,,3.1,20.0,
MONTY CORNER,Snacks,250.0,,0.0,20.0,
IIT ITALIAN  INDO TERMINAL,"Italian, Burgers, Fast Food",350.0,,0.0,20.0,
PANTHASHALA,"North Indian, Biryani, Chinese",400.0,,0.0,20.0,
Bakers s street,"Fast Food, Bakery, Desserts, Beverages",450.0,,0.0,20.0,
Inaya'S Biryani House,"Indian, Biryani",460.0,,0.0,20.0,
ANNA	DOSA	POINT,South Indian,200.0,,0.0,20.0,
Popking popcorn,Indian,100.0,,4.6,20.0,
Around The World,"Italian, Fast Food, Snacks, Waffle, Chinese, Beverages",240.0,,0.0,20.0,
Angeethi Asli Dhaba,North Indian,300.0,,4.0,20.0,
Be High Bros on food,"Fast Food, Indian, Pizzas, Pastas, Salads, Snacks, Beverages",200.0,,3.9,20.0,
Classico Italiano,"Snacks, Beverages",300.0,,3.8,20.0,
Candy Burger,"Burgers, Beverages",200.0,,0.0,20.0,
AL LAZEEZ SHAWARMA,Arabian,220.0,40% off | Use TRYNEW,0.0,20.0,TRYNEW
Kadak House,"Beverages, Snacks",200.0,,4.4,20.0,
AL-TURAB 65 CORNER,"Chinese, Tandoor, Indian",190.0,,0.0,20.0,
Peking Wok	,"Chinese, Snacks",399.0,30% off | Use TRYNEW,4.3,20.0,TRYNEW
NEW HARI BALAJI DHABA,"North Indian, Chinese, Tandoor, Beverages",300.0,,0.0,20.0,
