Restaurant Name,Types of Food,Rating1,Ratings2,Price,Discount
Hotel Niagara,"Haleem, Biryani, North Indian",,3.7,₹350 FOR TWO,50% off | Use TRYNEW
Mehfil,"Biryani, North Indian, Tandoor, Chinese, Kebabs",,3.9,₹300 FOR TWO,10% off | Use TRYNEW
Lucky Restaurant,"Biryani, North Indian, Tandoor",,3.8,₹300 FOR TWO,30% off | Use TRYNEW
Bawarchi,"Biryani, Tandoor, Chinese, Indian, Desserts, Kebabs, Mughlai",4.0,,₹300 FOR TWO,
CAPITAL MULTICUISINE RESTAURANT,"Haleem, Biryani, North Indian",,3.7,₹350 FOR TWO,50% off | Use TRYNEW
Grand Hotel,"Biryani, Chinese, Tandoor, Haleem",4.1,,₹300 FOR TWO,10% off | Use TRYNEW
Meridian Restaurant,"Biryani, Chinese, North Indian, Kebabs",4.1,,₹400 FOR TWO,
Cafe Niloufer,"Bakery, Beverages, Snacks, Desserts",4.5,,₹400 FOR TWO,10% off | Use PARTY
Lucky Multicuisine Restaurant,"Biryani, North Indian, Tandoor, South Indian",,3.7,₹350 FOR TWO,FLAT125 off | Use FLATDEAL
4M Biryani House,"Biryani, North Indian, Chinese",4.1,,₹250 FOR TWO,30% off | Use TRYNEW
Leon's - Burgers & Wings (Leon Grill),"American, Snacks, Turkish, Portuguese, Continental",4.1,,₹300 FOR TWO,60% off | Use TRYNEW
Shah Ghouse Cafe & Restaurant,"Biryani, Chinese, Tandoor, Mughlai, North Indian",4.1,,₹350 FOR TWO,20% off | Use TRYNEW
KFC,"Burgers, Biryani, American, Snacks, Fast Food",4.0,,₹400 FOR TWO,20% off | Use SWIGGYIT
Cafe Bahar since 1973,"Biryani, Chinese, Indian, Kebabs, Tandoor",4.0,,₹300 FOR TWO,
Hilton Restaurant,"North Indian, Chinese, Biryani",4.1,,₹300 FOR TWO,
Subbayya Gari Hotel,"South Indian, Andhra, Sweets",4.0,,₹300 FOR TWO,10% off | Use TRYNEW
Srikanya,"Andhra, Seafood",4.1,,₹250 FOR TWO,
Pista House Bakery & Restaurant,"North Indian, Chinese, Bakery, Biryani",4.2,,₹300 FOR TWO,40% off | Use TRYNEW
Kritunga Restaurant,"Biryani, Andhra, Rayalaseema, South Indian, North Indian, Chinese",,3.9,₹500 FOR TWO,20% off | Use TRYNEW
Cafe 555 & Aqeeq Restaurant,"Biryani, North Indian, Chinese",4.1,,₹300 FOR TWO,
Andhra Meals,South Indian,4.1,,₹200 FOR TWO,10% off | Use PARTY
Santosh Dhaba Exclusive,"North Indian, Biryani, Chinese, Italian, Mexican, Desserts",4.0,,₹300 FOR TWO,40% off | Use GUILTFREE
Sri Abhiruchi Biryani & Chinese Fast Food,Biryani,4.1,,₹400 FOR TWO,
Paradise Biryani,"Biryani, Kebabs, North Indian, Hyderabadi",,3.8,₹400 FOR TWO,FLAT125 off | Use FLATDEAL
AB's - Absolute Barbecues,"Barbecue, Biryani, North Indian, Grill, Chinese, Mughlai, Seafood, Kebabs, Pan-A...",,3.7,₹400 FOR TWO,50% off | Use TRYNEW
Sarvi Restaurant,"Biryani, Chinese, Indian, Kebabs, Tandoor, Desserts",4.1,,₹400 FOR TWO,20% off | Use TRYNEW
Crystal Restaurant,"Biryani, North Indian, Chinese",,3.8,₹350 FOR TWO,50% off | Use TRYNEW
Pista House Bakery,"Italian-American, Fast Food, Snacks, Continental",4.0,,₹200 FOR TWO,40% off | Use TRYNEW
Hotel Shadab,"Biryani, North Indian, Chinese",4.0,,₹400 FOR TWO,15% off | Use PARTY
Red Bucket Biryani,Biryani,,3.3,₹500 FOR TWO,
Imperial Multi Cuisine Restaurant,"Biryani, Chinese, Indian, Kebabs, Tandoor",4.1,,₹400 FOR TWO,
Burger King,"Burgers, American",4.1,,₹350 FOR TWO,60% off | Use STEALDEAL
Papadams Blue,"Biryani, Chinese, Andhra, North Indian, South Indian, Tandoor",,3.9,₹500 FOR TWO,40% off | Use TRYNEW
Shahi Dastarkhwan,"North Indian, Chinese, Kebabs, Biryani, Desserts",,3.9,₹500 FOR TWO,60% off | Use TRYNEW
Azam Hotel,"Biryani, North Indian, Mughlai, Tandoor",4.1,,₹300 FOR TWO,30% off | Use TRYNEW
Swathi mess and dhaba,"Biryani, Chinese, Hyderabadi, North Indian, Indian",4.0,,₹200 FOR TWO,15% off | Use PARTY
NIC Ice Creams,"Ice Cream, Desserts",4.4,,₹120 FOR TWO,Get every item under 159
Srikanya Comfort,"Andhra, Biryani, Chinese, North Indian",4.1,,₹500 FOR TWO,
La Pino'z Pizza,"Pizzas, Italian, Pastas, Mexican, Desserts",,3.9,₹400 FOR TWO,
Balaji Santosh Family Dhaba,"North Indian, Tandoor, Chinese",4.1,,₹300 FOR TWO,40% off | Use GUILTFREE
Papaji Da Dhaba,"North Indian, Chinese, Tandoor",4.0,,₹200 FOR TWO,FLAT100 off | Use FLATDEAL
Bahar Biryani Cafe,"Biryani, North Indian, Chinese",,3.5,₹350 FOR TWO,50% off | Use TRYNEW
A-1 Chicken Pakoda,"Biryani, Kebabs, Indian, Chinese, Mughlai",4.0,,₹250 FOR TWO,10% off | Use TRYNEW
Kamath Hotel,South Indian,4.4,,₹200 FOR TWO,20% off | Use TRYNEW
Food zone 2,"Mughlai, Chinese, Tandoor",,3.8,₹300 FOR TWO,
Utsav Vegetarian,"North Indian, Chinese, Biryani, Indian",4.2,,₹300 FOR TWO,FLAT125 off | Use FLATDEAL
Akson Restaurant,"North Indian, Biryani, Kerala",4.2,,₹250 FOR TWO,
Santosh Family Dhaba,"North Indian, Biryani, Chinese, Tandoor, Indian",,3.9,₹300 FOR TWO,50% off | Use TRYNEW
Shree Santosh Family Dhaba,"North Indian, Chinese, Tandoor, Biryani, Beverages, Indian",,3.9,₹200 FOR TWO,50% off | Use TRYNEW
Pista House Restaurant,"Biryani, Tandoor, North Indian",4.1,,₹500 FOR TWO,30% off | Use TRYNEW
Hotel Swagath,South Indian,4.2,,₹200 FOR TWO,30% off | Use TRYNEW
Just parantha,North Indian,4.3,,₹200 FOR TWO,FLAT125 off | Use FLATDEAL
Sahara Bakers,"Bakery, Pizzas",,3.4,₹200 FOR TWO,50% off | Use TRYNEW
Kamat Hotel,"North Indian, South Indian",4.3,,₹500 FOR TWO,20% off | Use TRYNEW
Amantran Bengali Restaurant,"Bengali, North Indian, Chinese, Home Food, Thalis, Beverages",,3.9,₹200 FOR TWO,FLAT125 off | Use FLATDEAL
Cream Stone Ice Cream,"Ice Cream, Desserts, Beverages, Ice Cream Cakes",4.3,,₹250 FOR TWO,30% off | Use SPECIALS
Pista House,"Bakery, Pizzas, Haleem",4.2,,₹200 FOR TWO,40% off | Use TRYNEW
Hotel City Diamond,"Biryani, Hyderabadi",4.1,,₹300 FOR TWO,
McDonald's,"Burgers, Beverages, Cafe, Desserts",4.1,,₹400 FOR TWO,30% off | Use TRYNEW
Cafe Niloufer Classic,"Bakery, Beverages, Snacks, Desserts",4.4,,₹150 FOR TWO,10% off | Use PARTY
Amfah Hotel,"Biryani, North Indian, Chinese",,3.9,₹200 FOR TWO,30% off | Use TRYNEW
Mr. Pulao,"Andhra, South Indian, Biryani",,3.5,₹200 FOR TWO,30% off | Use TRYNEW
Sri Sai Raghavendra Udupi Veg,"South Indian, Juices, Ice Cream",4.2,,₹100 FOR TWO,40% off | Use TRYNEW
Zee N Cafe,"Italian-American, Fast Food, Snacks",,,₹300 FOR TWO,
Rolls & Bowls By FEEDX,"North Indian, Snacks, Salads, Beverages, Indian, Pastas",,3.6,₹200 FOR TWO,
FISH OH FISH,"Biryani, Tandoor, Mughlai",,3.8,₹400 FOR TWO,
SRI VAIBHAV TIFFINS,South Indian,4.3,,₹200 FOR TWO,
Naintara ( By Sri Narsingh Bhelpuri ),"North Indian, Italian-American, Fast Food, Snacks",4.2,,₹300 FOR TWO,20% off | Use TRYNEW
Madhur Sweets,"Sweets, Desserts, Snacks",4.5,,₹250 FOR TWO,10% off | Use TRYNEW
Starboy Pizza & Shakes,"Pizzas, Italian, Desserts, Beverages",,3.8,₹300 FOR TWO,Flat ₹125 off on orders above ₹249
Harekrishna Santoshi Dhaba,"Indian, Chinese",,,₹200 FOR TWO,
Bake Delight,"Bakery, Chinese",,3.7,₹200 FOR TWO,50% off | Use JUMBO
Royal Tiffin Centre,South Indian,,3.8,₹150 FOR TWO,30% off | Use TRYNEW
Pure Veg Meals by Lunchbox,"North Indian, Desserts, Biryani",4.1,,₹200 FOR TWO,50% off | Use TRYNEW
Meghacity,"South Indian, Biryani, North Indian, Chinese, Seafood, Beverages",4.4,,₹500 FOR TWO,
Sweet Truth - Cake and Desserts,"Bakery, Desserts",,3.9,₹450 FOR TWO,
LunchBox - Meals and Thalis,"North Indian, Punjabi, Biryani, Healthy Food, Jain, Thalis, Indian, Mughlai, Des...",4.0,,₹200 FOR TWO,FLAT125 off | Use FLATDEAL
Sri Vigneshwara Curry Point,Indian,,,₹350 FOR TWO,FLAT250 off | Use FLATDEAL
Mumbai Kulfi & Ice Cream,"Ice Cream, Desserts",,,₹100 FOR TWO,30% off | Use TRYNEW
SECRET KITCHEN,"Biryani, Chinese, Indian",4.1,,₹400 FOR TWO,
Sri Raghavendra Tiffins,"South Indian, Andhra",4.3,,₹150 FOR TWO,20% off | Use TRYNEW
Veggie Chinese,Chinese,4.1,,₹300 FOR TWO,
Minerva Coffee Shop,"South Indian, North Indian, Chinese",4.3,,₹500 FOR TWO,20% off | Use TRYNEW
Hotel Mukrram,Biryani,4.1,,₹300 FOR TWO,
Baker Street,"Bakery, Continental",4.2,,₹250 FOR TWO,
Swagath Hotel,"South Indian, Chinese, Indian",4.1,,₹400 FOR TWO,
Hotel Sitara Grand - Dhanturi Group of hotels,"Biryani, Chinese, South Indian, North Indian, Tandoor",,3.8,₹300 FOR TWO,40% off | Use TRYNEW
The Belgian Waffle Co.,"Waffle, Desserts, Ice Cream, Beverages",4.3,,₹200 FOR TWO,20% off | Use TRYNEW
Indira Darshini,"Chinese, South Indian, Hyderabadi",4.1,,₹200 FOR TWO,FLAT100 off | Use FLATDEAL
Hotel Sri Raghavendra Udupi Veg,"South Indian, Chinese, North Indian, Tandoor",4.1,,₹300 FOR TWO,40% off | Use TRYNEW
Istah - The Mediterranean Way,"Arabian, Biryani, Mediterranean, Lebanese, Snacks, Beverages",4.2,,₹250 FOR TWO,60% off | Use TRYNEW
ANNAPURNA MESS,"Indian, Biryani, Chinese",,3.9,₹200 FOR TWO,
Balaji Santosh Dhaba,"North Indian, Chinese",4.0,,₹350 FOR TWO,50% off | Use TRYNEW
Bombay Juice,"Chaat, Chinese, Juices",4.3,,₹200 FOR TWO,
Balaji Family Dhaba & Caterers,"North Indian, Chinese",,3.8,₹450 FOR TWO,50% off | Use TRYNEW
Karachi Bakery,"Bakery, Desserts",4.3,,₹300 FOR TWO,
Shree Golden Palace Restaurant,"Indian, Chinese, Biryani",,3.9,₹250 FOR TWO,FLAT100 off | Use FLATDEAL
Geethagari vantalu,Andhra,,3.9,₹200 FOR TWO,10% off | Use PARTY
Meghacity,"South Indian, Biryani, North Indian, Chinese, Seafood, Beverages",4.4,,₹500 FOR TWO,
Biryani By Kilo,"Biryani, Hyderabadi, North Indian, Kebabs, Mughlai, Desserts",,3.6,₹300 FOR TWO,50% off | Use TRYNEW
Sri Raghavendra Curry Express,"South Indian, Andhra",4.4,,₹200 FOR TWO,10% off | Use PARTY
Bakingo,Bakery,4.3,,₹300 FOR TWO,
Siddi Fast Food,"Chinese, Pastas, North Indian, South Indian",,3.9,₹150 FOR TWO,10% off | Use TRYNEW
Lakshman Ki Bandi,South Indian,4.1,,₹150 FOR TWO,20% off | Use TRYNEW
Dadu's,"Sweets, Desserts, Chaat, Snacks, Bakery",4.4,,₹350 FOR TWO,20% off | Use TRYNEW
Sri Balaji Family Dhaba - Ramkote,"Biryani, North Indian, Chinese, Indian, Punjabi",4.0,,₹200 FOR TWO,40% off | Use GUILTFREE
Bheemas Grand,South Indian,4.0,,₹150 FOR TWO,50% off | Use TRYNEW
Onesta,"Italian, Desserts, Pizzas, American, Snacks",,3.7,₹200 FOR TWO,FLAT150 off | Use FLATDEAL
Dwaraka Restaurant,"North Indian, Chinese, South Indian",4.3,,₹250 FOR TWO,20% off | Use TRYNEW
New Astoria Restaurant,"Chinese, Biryani",,3.9,₹450 FOR TWO,
The Southern Palate,"South Indian, Biryani",,3.9,₹350 FOR TWO,40% off | Use TRYNEW
Nandu Fresh Fruit Juice Centre,Beverages,,3.8,₹250 FOR TWO,FLAT100 off | Use FLATDEAL
Al Akbar Fast Food,"Chinese, North Indian",4.0,,₹200 FOR TWO,20% off | Use TRYNEW
Haldiram's Restaurant,"Indian, Biryani, Snacks, Beverages",4.2,,₹300 FOR TWO,50% off | Use TRYNEW
The Bowl Company,"Pan-Asian, Continental, North Indian, Desserts, American, Asian, Beverages, Biry...",4.1,,₹300 FOR TWO,60% off | Use TRYNEW
Kwality Walls Frozen Dessert and Ice Cream Shop,"Desserts, Ice Cream, Ice Cream Cakes",4.4,,₹200 FOR TWO,
Hotel Sohail Waves,"Arabian, Tandoor, Mughlai, Biryani, North Indian",4.1,,₹500 FOR TWO,10% off | Use PARTY
Agra Sweets Banjara,"Sweets, Desserts, Chaat, Snacks, Beverages",4.3,,₹250 FOR TWO,30% off | Use TRYNEW
Taj Mahal-Abids,"North Indian, Chinese, South Indian",4.3,,₹300 FOR TWO,30% off | Use TRYNEW
Homely,"Home Food, North Indian, South Indian, Beverages, Desserts, Thalis",4.3,,₹200 FOR TWO,60% off | Use TRYNEW
Matwale Doodh Ghar,"Beverages, Juices, Desserts, Ice Cream",4.1,,₹150 FOR TWO,
Habeeb's Fast Food,"Fast Food, Chinese, Mughlai",4.1,,₹300 FOR TWO,
SRI MAHALAXMI REDDY BROTHERS TIFFIN CENTER,"South Indian, Chinese",4.4,,₹200 FOR TWO,
Om Best Paratha,North Indian,4.0,,₹200 FOR TWO,40% off | Use GUILTFREE
Haldiram's Sweets and Namkeen,"Sweets, Bakery, Desserts",4.2,,₹300 FOR TWO,
Angaara 5,"Tandoor, Biryani, Chinese",4.0,,₹400 FOR TWO,20% off | Use TRYNEW
Kunafa Nation,Desserts,4.0,,₹229 FOR TWO,20% off | Use TRYNEW
G Pulla Reddy Sweets,"Sweets, Desserts, Snacks",4.5,,₹300 FOR TWO,
Sri Santosh Dhaba,"Biryani, North Indian, Chinese, Tandoor, Beverages",,3.9,₹350 FOR TWO,20% off | Use TRYNEW
Jaggu Mithai,"Desserts, Biryani, Chaat",4.2,,₹250 FOR TWO,10% off | Use TRYNEW
Saptami Grand - Udupi Veg Restaurant,"South Indian, Chinese, Desserts",4.3,,₹200 FOR TWO,FLAT100 off | Use FLATDEAL
Rambharose - Bhattad Ki Idli,South Indian,4.1,,₹150 FOR TWO,40% off | Use GUILTFREE
Mandi @36,Arabian,4.0,,₹1000 FOR TWO,20% off | Use TRYNEW
Taj Mahal Hotel,"North Indian, Chinese, South Indian, Tandoor",4.2,,₹300 FOR TWO,
Papaji's Kitchen,North Indian,4.2,,₹250 FOR TWO,30% off | Use TRYNEW
Sharmaji Pav bhaji,"Chaat, North Indian, Chinese",,3.9,₹200 FOR TWO,15% off | Use PARTY
Sri Siddhartha Tiffins and Meals,"Beverages, South Indian",4.4,,₹150 FOR TWO,
Venkateshwara Fast Food,"Indian, Chinese, South Indian",4.1,,₹150 FOR TWO,
Big Bowl,"Chinese, Asian",,3.7,₹250 FOR TWO,FLAT125 off | Use FLATDEAL
Nikhils hot&spice chinees fast food,Chinese,4.1,,₹300 FOR TWO,10% off | Use PARTY
Zam Zam Fast Food,Chinese,,3.7,₹200 FOR TWO,40% off | Use GUILTFREE
Domino's Pizza,"Pizzas, Italian, Pastas, Desserts",4.3,,₹400 FOR TWO,
FANCY ICE CREAM,"Ice Cream, Desserts",4.0,,₹40 FOR TWO,15% off | Use TRYNEW
The Thick Shake Factory,"Beverages, American, Burgers",4.0,,₹200 FOR TWO,20% off | Use TRYNEW
Natural Ice Cream,"Ice Cream, Desserts",4.5,,₹150 FOR TWO,20% off | Use SWIGGYIT
Tipsy Topsy,"Chinese, Italian, Desserts, Bakery",,3.8,₹250 FOR TWO,25% off | Use PARTY
Biryani Culture,"Biryani, Chinese, Desserts",4.0,,₹200 FOR TWO,20% off | Use TRYNEW
Almond House,"Sweets, Desserts, Snacks",4.6,,₹800 FOR TWO,
Green Bucket Biryani Ramanthapur,Biryani,,3.9,₹450 FOR TWO,
Lassi Shop,"Juices, Ice Cream",,3.1,₹100 FOR TWO,
TRAFFIC MANDI HOUSE,"Arabian, Indian",,3.6,₹400 FOR TWO,
Maa Santosh Dhaba,"North Indian, Chinese",4.2,,₹400 FOR TWO,Free Green Salad on orders above ₹529
King's Palace Family Restaurant,"Street Food, Chinese",,3.5,₹300 FOR TWO,40% off | Use TRYNEW
Urban Munchies (US Pizza),"Pizzas, Beverages, Desserts",,3.5,₹300 FOR TWO,30% off | Use JUMBO
Nrs Nandini,South Indian,4.3,,₹150 FOR TWO,20% off | Use TRYNEW
Sri Santosh Family Dhaba,Sweets,4.1,,₹100 FOR TWO,40% off | Use TRYNEW
Ms mandi and shawarma,Indian,,3.7,₹240 FOR TWO,10% off | Use TRYNEW
FENG SHUI LOCAL DABHA,"Bhutanese, Chinese, Tandoor",,,₹300 FOR TWO,
La Milano Pizzeria,"Pizzas, Italian, Mexican, Fast Food, Desserts",,3.8,₹400 FOR TWO,50% off | Use SPECIALS
Captain Cook,"Chinese, Tandoor, Salads, Arabian",,3.7,₹700 FOR TWO,FLAT100 off | Use FLATDEAL
Bikanervala,"Sweets, North Indian, Chinese, South Indian",4.3,,₹500 FOR TWO,
Sri Siddhi Vinayaka Tiffins and Meals,South Indian,4.2,,₹100 FOR TWO,15% off | Use PARTY
Deccan Chef,"Haleem, Biryani, Mughlai, Chinese, Indian",4.1,,₹150 FOR TWO,Flat ₹125 off on orders above ₹249
Juice World,Juices,,3.9,₹150 FOR TWO,20% off | Use TRYNEW
Sri Sai Chat Bhandar,Chaat,,3.8,₹100 FOR TWO,10% off | Use TRYNEW
Mohammedia Shawarma,"Arabian, Lebanese, Street Food",,3.8,₹300 FOR TWO,
Tibb's Frankie,"Snacks, Indian, Fast Food",4.2,,₹140 FOR TWO,10% off | Use TRYNEW
Chickpet Donne Biryani House,Biryani,,3.8,₹400 FOR TWO,15% off | Use PARTY
The Healthy Grub,"Healthy Food, Biryani, Chinese, Beverages",,,₹300 FOR TWO,50% off | Use TRYNEW
Raju Gari Pulao,Biryani,,3.2,₹300 FOR TWO,30% off | Use TRYNEW
CakeZone,"Bakery, Desserts, Sweets, Ice Cream",4.2,,₹200 FOR TWO,FLAT150 off | Use FLATDEAL
Black Pearl - Hotel Central Park,"North Indian, Chinese, Indian",,3.7,₹300 FOR TWO,50% off | Use TRYNEW
Scoops,"Ice Cream, Desserts, Beverages",4.5,,₹200 FOR TWO,40% off | Use GUILTFREE
Fruitfull,Healthy Food,4.2,,₹150 FOR TWO,20% off | Use TRYNEW
HARSHA DELUXE MESS,Indian,,3.8,₹400 FOR TWO,
Balaji Mithai bhandar,Sweets,4.1,,₹300 FOR TWO,
Amay Tiffin Corner (Amul),South Indian,4.0,,₹100 FOR TWO,30% off | Use TRYNEW
Grand Bavarchi Restaurant,"Biryani, Chinese, North Indian, Mughlai",,3.6,₹300 FOR TWO,
Sattipandu Biryani,Biryani,,3.4,₹350 FOR TWO,20% off | Use TRYNEW
Graduate's Arabian Mandi,Indian,4.1,,₹450 FOR TWO,20% off | Use TRYNEW
Apoorva mess,North Indian,4.0,,₹300 FOR TWO,15% off | Use PARTY
Bhagmati Biryani,"Biryani, Telangana",,3.7,₹250 FOR TWO,15% off | Use JUMBO
The Royal Palace,"Chinese, Mughlai, Tandoor, Biryani",4.0,,₹300 FOR TWO,
Taco Bell,Mexican,,3.8,₹300 FOR TWO,40% off | Use TRYNEW
AMMA CHETHI  BHOJANAM,Indian,,3.9,₹200 FOR TWO,20% off | Use PARTY
Suprabhat Tiffins,"South Indian, North Indian",4.1,,₹300 FOR TWO,FLAT100 off | Use FLATDEAL
10D Biryani Express,"Kebabs, Biryani, Indian",4.4,,₹500 FOR TWO,FLAT125 off | Use FLATDEAL
Zomoz - The Momo Company,"Tibetan, Chinese, Fast Food",4.3,,₹250 FOR TWO,40% off | Use TRYNEW
Wow! Momo,"Tibetan, Healthy Food, Asian, Chinese, Snacks, Continental, Desserts, Beverages",4.0,,₹300 FOR TWO,Get every item under 99
Mandava Curry Express,Indian,,3.6,₹200 FOR TWO,
Shah Ghouse Spl Shawarma,Arabian,,3.9,₹250 FOR TWO,30% off | Use TRYNEW
TTT juice center,Beverages,4.4,,₹150 FOR TWO,30% off | Use TRYNEW
KS Bakers,"Bakery, Pizzas, Desserts, Snacks, Fast Food",4.1,,₹250 FOR TWO,20% off | Use TRYNEW
Telangana Inti Ruchulu ,"South Indian, Telangana, Home Food",4.1,,₹200 FOR TWO,20% off | Use TRYNEW
Temptations,"Desserts, Beverages",4.4,,₹200 FOR TWO,40% off | Use GUILTFREE
Makers of Milkshakes,"Beverages, Desserts, Ice Cream",4.3,,₹300 FOR TWO,40% off | Use TRYNEW
FEEL IN SAUDIA SHAWARMA,"Arabian, Snacks, Fast Food",,3.8,₹100 FOR TWO,
Krupa Mess & tiffins,South Indian,,3.6,₹200 FOR TWO,50% off | Use TRYNEW
Spicy Noodles House,Chinese,,3.7,₹200 FOR TWO,10% off on all orders
MOHAMMEDI CONFECTIONERS,"Sweets, Snacks",4.1,,₹150 FOR TWO,
Chinese Pavilion,"Chinese, Asian",4.2,,₹850 FOR TWO,
Hotel Suprabhat,"South Indian, Chinese, North Indian",4.2,,₹400 FOR TWO,
Sahadeva Reddy's Juice Express,"Juices, Beverages, Desserts, Snacks",4.2,,₹250 FOR TWO,20% off | Use TRYNEW
Bakers Q,Bakery,4.0,,₹300 FOR TWO,
Shree Mahalaxmi Dhaba,Chinese,,3.4,₹200 FOR TWO,
Heavenly Biryani,"Biryani, Hyderabadi, Mughlai",,3.1,₹300 FOR TWO,50% off | Use TRYNEW
VNR Fresh Juice Center,"Beverages, Desserts",,3.5,₹200 FOR TWO,40% off | Use GUILTFREE
Rayalaseema Ruchulu,"South Indian, Biryani, Rayalaseema",4.1,,₹450 FOR TWO,20% off | Use TRYNEW
Thinduda - A Telangana Kitchen,Indian,4.0,,₹299 FOR TWO,
Sri Udupi Grand,"South Indian, Chinese, Indian",4.1,,₹300 FOR TWO,
Agrawala Sweets,"Sweets, Fast Food",4.2,,₹250 FOR TWO,10% off | Use TRYNEW
A-1 Pakoda House,"Indian, Chinese, Biryani, Snacks, Haleem",4.1,,₹200 FOR TWO,
Pranav Dhaba,"Indian, Chinese",,3.9,₹200 FOR TWO,
Al Yousufain Fast Food,Indian,4.1,,₹300 FOR TWO,25% off | Use TRYNEW
Reddy Military Hotel,"South Indian, Hyderabadi, Chinese, North Indian, Andhra",,3.8,₹250 FOR TWO,
BlueFox,"Biryani, North Indian, Chinese, Tandoor",4.2,,₹800 FOR TWO,20% off | Use TRYNEW
Landmaark Family Restaurant,"North Indian, Chinese, Mughlai, Hyderabadi, Biryani, Seafood",,3.8,₹500 FOR TWO,10% off | Use TRYNEW
SVM Grand,"South Indian, North Indian, Chinese",,3.9,₹300 FOR TWO,40% off | Use TRYNEW
Krispy Kreme,"Desserts, Beverages",4.3,,₹170 FOR TWO,
Desi Kitchen,Indian,4.0,,₹200 FOR TWO,
Sri Narsing Bhelpuri & Juice Centre (Bogulkunta),"Indian, North Indian, Chaat, Italian, Beverages, Desserts, Punjabi, Snacks, Pizz...",4.2,,₹200 FOR TWO,
Sri Balaji mithai bhandar,"Sweets, Desserts, Beverages",4.1,,₹300 FOR TWO,40% off | Use GUILTFREE
Oven Story Pizza,"Pizzas, Italian",,3.7,₹400 FOR TWO,
MRCB CURRY POINT,"North Indian, Biryani, Snacks",,3.6,₹300 FOR TWO,
SRI RAGHAVENDRA TIFFINS & MEALS,South Indian,4.3,,₹280 FOR TWO,10% off | Use TRYNEW
SIRI FOOD COURT,"Chinese, Biryani",,3.5,₹200 FOR TWO,
Raj Thali,"Gujarati, Rajasthani",,3.1,₹1000 FOR TWO,
Sri Lakshmi Fast Food,"Chinese, Biryani, Snacks",,,₹400 FOR TWO,
Anupama hotel,"Biryani, South Indian",,3.5,₹250 FOR TWO,
Sri Radhe Chills and Thrills,"Italian, Juices",4.2,,₹200 FOR TWO,10% off | Use PARTY
Cake L'amore,"Bakery, Beverages, Desserts",4.1,,₹200 FOR TWO,Flat ₹125 off on orders above ₹249
Darleys ice cream,"Desserts, Ice Cream, Beverages",4.2,,₹100 FOR TWO,
The Nosh Bistro,"Continental, Pizzas",4.1,,₹250 FOR TWO,
Shawarma House,"Arabian, Snacks",,3.0,₹200 FOR TWO,
Santosh Dhaba Old,"Biryani, North Indian, Chinese",,3.6,₹300 FOR TWO,50% off | Use TRYNEW
New Max Ice Cream,"Ice Cream, Fast Food, Snacks, Chinese",4.1,,₹200 FOR TWO,
Madhur Sweets,"Sweets, Desserts, Snacks",4.5,,₹250 FOR TWO,10% off | Use TRYNEW
Jain Kitchen Pure Veg Restaurant,"North Indian, Jain, Chinese, Tandoor",4.1,,₹200 FOR TWO,10% off | Use PARTY
Mayur Pan House,"Chaat, Paan, Juices",4.1,,₹150 FOR TWO,40% off | Use GUILTFREE
Sri Balaji Family Dhaba,"Indian, Biryani",,3.8,₹300 FOR TWO,FLAT250 off | Use FLATDEAL
The mandiwala,"Arabian, North Indian",,,₹460 FOR TWO,20% off | Use TRYNEW
Lassi shop-IS Sadan Cross Road,Ice Cream,4.1,,₹100 FOR TWO,
Al Ibrahim hotel,Biryani,,3.7,₹250 FOR TWO,
Minerva Sweets,"Sweets, Desserts, Snacks, Fast Food",4.3,,₹200 FOR TWO,40% off | Use TRYNEW
Sai Charan Dhaba,"North Indian, Tandoor",4.2,,₹300 FOR TWO,15% off | Use PARTY
Dunkin',"Beverages, Fast Food, Desserts",4.1,,₹250 FOR TWO,60% off | Use SPECIALS
Grameen Kulfi,"Ice Cream, Desserts",4.7,,₹120 FOR TWO,
Al-Hamoor Arabian Restaurant,"Arabian, Desserts",,,₹600 FOR TWO,
Mandilicious,"Arabian, Indian, Chinese",,3.9,₹450 FOR TWO,
Ganesh Fast Food And Biryani Point,"Chinese, North Indian",4.0,,₹200 FOR TWO,
New grand Restaurant & bakery,"Chinese, Mughlai, Kebabs",,3.9,₹300 FOR TWO,20% off | Use TRYNEW
Al Noor Bakery,Bakery,4.2,,₹120 FOR TWO,
Al baik Shawarma & juice point,"Juices, Fast Food",4.0,,₹250 FOR TWO,50% off | Use TRYNEW
Hot Bucket Biryani,Biryani,,,₹300 FOR TWO,30% off | Use TRYNEW
Jalebi Wala,"Snacks, Sweets",4.4,,₹100 FOR TWO,
Aamantran Pure Veg,"Biryani, North Indian, Chinese, Beverages",4.2,,₹450 FOR TWO,20% off | Use TRYNEW
Subway,"Salads, Snacks, Desserts, Beverages",4.2,,₹350 FOR TWO,20% off | Use TRYNEW
SAI KIRAN FOODS,North Indian,4.3,,₹300 FOR TWO,
"AMERICAN BAKERS, BAKERS & CONFECTIONERS","Italian, Pizzas, Burgers",4.0,,₹250 FOR TWO,
Govind Dosa,South Indian,4.2,,₹250 FOR TWO,20% off | Use TRYNEW
Eagles Pizza,Pizzas,,3.6,₹150 FOR TWO,50% off | Use TRYNEW
Nazeer Juice Centre,Juices,,3.9,₹300 FOR TWO,15% off | Use TRYNEW
A.M.TIFFIN CENTRE,South Indian,,,₹110 FOR TWO,
Lucky's Multicuisine restaurant,"Biryani, Chinese, North Indian, South Indian, Tandoor, Hyderabadi, Continental, ...",,3.7,₹400 FOR TWO,50% off | Use TRYNEW
Bawarchi Express,"Biryani, Snacks, Chinese",4.5,,₹280 FOR TWO,20% off | Use TRYNEW
HOTEL SWEEKAR,South Indian,,3.9,₹80 FOR TWO,
Ghar Pakwan,"Hyderabadi, Indian",4.1,,₹300 FOR TWO,20% off | Use TRYNEW
The Joint Shawarma,Indian,,3.7,₹400 FOR TWO,
Famous Ice Cream,Ice Cream,4.2,,₹150 FOR TWO,10% off | Use TRYNEW
Wendy's Burgers,"American, Burgers, Fast Food, Beverages, Snacks",,3.8,₹200 FOR TWO,
Barbeque Nation,"North Indian, Barbecue, Biryani, Kebabs, Mughlai, Desserts",,3.5,₹600 FOR TWO,FLAT125 off | Use FLATDEAL
Break The Bread - Sandwiches And Burgers,"Continental, Fast Food",,3.4,₹200 FOR TWO,
Sultan Darbar,"Biryani, Chinese, Tandoor, North Indian, Desserts",4.1,,₹300 FOR TWO,15% off | Use TRYNEW
Sahadeva Reddy's Chaat Chowk,Chaat,4.2,,₹300 FOR TWO,20% off | Use TRYNEW
99 Pancakes,"Desserts, Beverages",,3.8,₹300 FOR TWO,
Brook Bite Brownie,Desserts,,,₹200 FOR TWO,
Imperial Multi Cuisine Restaurant,"Biryani, Chinese, Indian, Kebabs, Tandoor",4.1,,₹400 FOR TWO,
FB Cakes,"Bakery, Sweets, Snacks",,3.8,₹1500 FOR TWO,40% off | Use TRYNEW
Tadka - Desi Food by Papaji,"North Indian, Fast Food, Snacks, Biryani, Tandoor",4.0,,₹250 FOR TWO,30% off | Use TRYNEW
Gayathri Tiffins and Meals,South Indian,,,₹100 FOR TWO,
Ramnagar Bawarchi,"Indian, Biryani",,3.5,₹300 FOR TWO,
Riyan Hotel,"Hyderabadi, Mughlai, Biryani, Indian, Chinese",,3.7,₹300 FOR TWO,40% off | Use TRYNEW
Subway,"Salads, Snacks, Desserts, Beverages",4.2,,₹350 FOR TWO,20% off | Use TRYNEW
Sher-E-Punjab Dhaba,"Indian, Biryani",4.1,,₹350 FOR TWO,
Deccan Chef,"Haleem, Biryani, Mughlai, Chinese, Indian",4.1,,₹150 FOR TWO,Flat ₹125 off on orders above ₹249
Let's Scoop Ice Cream Cafe,"Ice Cream, Pizzas, Desserts, Bakery, Beverages",4.3,,₹200 FOR TWO,40% off | Use GUILTFREE
TASTY AND QUICK PIZZA,"Pizzas, Fast Food, Snacks",,,₹400 FOR TWO,
Swiss Castle,"Bakery, Sweets, Desserts",4.5,,₹500 FOR TWO,25% off | Use TRYNEW
Karthikeya Curry Express,"South Indian, Andhra",4.3,,₹150 FOR TWO,
Asian Meal Box,"Asian, Chinese",,3.8,₹200 FOR TWO,FLAT125 off | Use FLATDEAL
Nrs Nandini Sudha,"South Indian, North Indian, Chinese, Juices, Beverages",4.3,,₹150 FOR TWO,20% off | Use TRYNEW
Asoka Restaurant,"Biryani, Kebabs",,3.7,₹450 FOR TWO,20% off | Use TRYNEW
Master Chef Restaurant,"North Indian, Chinese, Biryani",,3.7,₹250 FOR TWO,
Nitchal Grand Restaurant,"North Indian, Chinese, Tandoor, Biryani",4.0,,₹250 FOR TWO,
King Ghouse Restaurant,"Indian, Biryani",,3.9,₹400 FOR TWO,
Sukha Sagara North Indian & Chinese,"North Indian, Chinese",4.1,,₹300 FOR TWO,40% off | Use TRYNEW
Mahendra Fast Food Center,"Chinese, Fast Food, Indian",4.5,,₹350 FOR TWO,
Mr Showarma,"Chinese, Fast Food, Snacks",,,₹500 FOR TWO,50% off | Use TRYNEW
Sri Jyothi Raghavendra Udupi Veg,"South Indian, Ice Cream, Juices",,3.8,₹120 FOR TWO,30% off | Use TRYNEW
Stop N Eat Chicken Shawarma,Arabian,,3.9,₹200 FOR TWO,10% off | Use TRYNEW
NITAI CHAND SWEETS AND BAKERY,Sweets,,,₹300 FOR TWO,
Wahh Chaap,"Biryani, North Indian, Pastas, Italian",4.1,,₹300 FOR TWO,20% off | Use TRYNEW
Akbar Fast Food,"Indian, Seafood, Beverages",,3.5,₹300 FOR TWO,
Momo Zone - The Momo Company,"Chinese, Tibetan, Fast Food",4.0,,₹200 FOR TWO,40% off | Use TRYNEW
Rayalavari Gayatri Ruchulu,"South Indian, Chinese, Snacks, Biryani",,,₹300 FOR TWO,40% off | Use PARTY
Nrs Mamatha Darshini,"South Indian, Chinese",4.4,,₹150 FOR TWO,20% off | Use TRYNEW
LASSI SHOP HUB,"Beverages, Ice Cream, Snacks",,3.6,₹200 FOR TWO,30% off | Use TRYNEW
Y2K Restaurant,"North Indian, Chinese",,3.3,₹300 FOR TWO,30% off | Use TRYNEW
klip2deal homefood,"North Indian, Indian, Desserts",,3.1,₹200 FOR TWO,15% off | Use TRYNEW
Ramnagar Bawarchi,"Indian, Biryani",,3.5,₹300 FOR TWO,
Mini Punjab,"South Indian, North Indian, Chinese, Punjabi",,3.8,₹400 FOR TWO,30% off | Use JUMBO
Faasos - Wraps & Rolls,"Fast Food, North Indian, Street Food, Desserts",,3.9,₹200 FOR TWO,
Louis Burger,"Burgers, Fast Food, Beverages",4.3,,₹600 FOR TWO,Flat ₹150 off on orders above ₹799
Pista House Tea,Beverages,4.5,,₹150 FOR TWO,20% off | Use TRYNEW
Shahenshah Mandi,"Indian, Biryani, Desserts",4.0,,₹400 FOR TWO,30% off | Use TRYNEW
Moon Light Kitchen,"Biryani, Chinese, Indian, Kebabs",,,₹200 FOR TWO,50% off | Use TRYNEW
Lo! - Low Carb and Keto Foods,"Healthy Food, Keto, North Indian, Continental",4.2,,₹150 FOR TWO,40% off | Use SPECIALS
Punjabi Paratha House,"Punjabi, North Indian",4.0,,₹200 FOR TWO,40% off | Use TRYNEW
Khichdi express,North Indian,,3.9,₹250 FOR TWO,30% off | Use TRYNEW
Cafe Coffee Day,"Beverages, Snacks, Desserts",,3.9,₹300 FOR TWO,50% off | Use TRYNEW
Mithaiwala,"Sweets, Desserts, Snacks, Chaat",4.2,,₹400 FOR TWO,40% off | Use TRYNEW
FB Cakes,"Bakery, Sweets, Snacks",,3.8,₹1500 FOR TWO,40% off | Use TRYNEW
Swaad of South,"South Indian, North Indian, Chinese",4.3,,₹300 FOR TWO,15% off | Use PARTY
Agra Mithai Ghar And Restaurant,"Sweets, Beverages, Chaat, Desserts",4.1,,₹200 FOR TWO,15% off | Use TRYNEW
Coffee Cream,"Beverages, Fast Food, Italian, Snacks",4.1,,₹200 FOR TWO,
Babai Express,"Snacks, South Indian, Telangana",,3.9,₹200 FOR TWO,
Taiba's Madina Darbar,"Cafe, Snacks, Chinese, Beverages, North Indian",,3.9,₹200 FOR TWO,30% off | Use TRYNEW
Hotel Firdous,"Biryani, Continental, Tandoor",4.2,,₹200 FOR TWO,
Ohri's Eatmor,"Ice Cream, Beverages, Desserts, Chaat, Italian",4.2,,₹600 FOR TWO,10% off | Use PARTY
Al Saud Bait Al Mandi,Arabian,4.0,,₹250 FOR TWO,
Santosh Dhaba,"Biryani, North Indian, Punjabi",,3.7,₹300 FOR TWO,50% off | Use TRYNEW
Surabhi Grand,"Mughlai, North Indian, Chinese, Seafood",4.1,,₹300 FOR TWO,FLAT100 off | Use FLATDEAL
Udipi's Upahar,"South Indian, North Indian, Chinese, Snacks",4.2,,₹300 FOR TWO,10% off | Use PARTY
Patel's Delights,"Indian, Snacks, Sweets, Street Food",4.6,,₹350 FOR TWO,30% off | Use SPECIALS
Rammy Fast Food,Fast Food,,3.8,₹200 FOR TWO,10% off | Use JUMBO
Captain Cook,"Chinese, Tandoor, Salads, Arabian",,3.7,₹700 FOR TWO,FLAT100 off | Use FLATDEAL
Fruitfull,Healthy Food,4.2,,₹150 FOR TWO,20% off | Use TRYNEW
Theobroma,Desserts,4.5,,₹300 FOR TWO,
Falooda Shop,"Desserts, Beverages",,,₹300 FOR TWO,
Mandi House Arabian Restaurant,Arabian,,3.8,₹400 FOR TWO,
Cherry's Kitchen,"Arabian, Chinese, Beverages",,,₹200 FOR TWO,
SAFA MATAM AL MANDI,"Street Food, Arabian, Indian",,3.8,₹600 FOR TWO,
Sri Santosh Dhaba,"Biryani, North Indian, Chinese, Tandoor, Beverages",,3.9,₹350 FOR TWO,20% off | Use TRYNEW
Signature Juice And Grill Station,"Juices, Beverages, Fast Food, Snacks, Desserts",,,₹450 FOR TWO,
Zaika Bites,Indian,,3.6,₹300 FOR TWO,
Bombay Chowpati,"Chaat, Juices",,3.8,₹200 FOR TWO,FLAT100 off | Use FLATDEAL
Balaji Mukesh Mithai Bhandar,"Sweets, Street Food",4.3,,₹200 FOR TWO,30% off | Use TRYNEW
Lucky Multicuisine Restaurant,"Biryani, North Indian, Tandoor, South Indian",,3.7,₹350 FOR TWO,FLAT125 off | Use FLATDEAL
Lucky's Biryani House,"Biryani, Chinese, North Indian, South Indian, Tandoor, Hyderabadi, Continental, ...",,3.6,₹400 FOR TWO,50% off | Use TRYNEW
Balaji Mithai bhandar,Sweets,4.1,,₹300 FOR TWO,
Gourmet Ice Cream Cakes by Baskin Robbins,"Ice Cream Cakes, Desserts, Ice Cream, Bakery",4.3,,₹300 FOR TWO,30% off | Use TRYNEW
Santosh Dhaba Jashan,"North Indian, Chinese, Italian",4.1,,₹300 FOR TWO,20% off | Use TRYNEW
UBQ by Barbeque Nation,"North Indian, Barbecue, Biryani, Kebabs, Mughlai, Desserts",,3.4,₹300 FOR TWO,Flat 175 off | Use FLAT175
Lavish Corner,"Chinese, Indian, Beverages, Snacks",,3.9,₹120 FOR TWO,30% off | Use TRYNEW
New York Waffles & Dinges,"Waffle, Desserts, Bakery, Beverages",,3.5,₹300 FOR TWO,Flat ₹125 off on orders above ₹249
SALASAR CHAT AND TIFFIN CENTRE,"South Indian, Chaat, Fast Food",4.2,,₹100 FOR TWO,
65 CORNER FAST FOOD,Chinese,4.0,,₹250 FOR TWO,
Suprabath tiffins,South Indian,4.2,,₹150 FOR TWO,20% off | Use TRYNEW
Smoke & Sizzle,"Chinese, Biryani, Tandoor",4.1,,₹500 FOR TWO,25% off | Use TRYNEW
Sri Sai Veg Curry Point,"South Indian, Andhra",4.2,,₹200 FOR TWO,
Starbucks Coffee,"Beverages, Cafe, Snacks, Desserts, Bakery, Ice Cream",4.3,,₹400 FOR TWO,40% off | Use TRYNEW
MilletBowl By UrbanKisaan,"Mexican, Healthy Food, Salads",4.1,,₹250 FOR TWO,20% off | Use TRYNEW
Polar Bear,"Ice Cream, Desserts",,3.8,₹350 FOR TWO,20% off | Use TRYNEW
Drunken Biryani,Biryani,,,₹350 FOR TWO,25% off | Use JUMBO
Sri Ruchulu,"South Indian, Beverages",4.2,,₹150 FOR TWO,20% off | Use TRYNEW
Naseeb Hotel,"Indian, Biryani",,3.5,₹200 FOR TWO,
Euphoria,"Desserts, Bakery",4.7,,₹600 FOR TWO,10% off | Use TRYNEW
Slurpy Shakes,"Beverages, Ice Cream, Desserts",4.1,,₹150 FOR TWO,FLAT125 off | Use FLATDEAL
AV's Smokebox,"Barbecue, Biryani, Chinese",4.3,,₹250 FOR TWO,20% off | Use TRYNEW
Mohini Restaurant,"Afghani, Biryani, Chinese, Mughlai, North Indian",,3.8,₹300 FOR TWO,
Sandwich Eatery,Beverages,4.0,,₹250 FOR TWO,40% off | Use GUILTFREE
LunchBox - Meals and Thalis,"North Indian, Punjabi, Biryani, Healthy Food, Jain, Thalis, Indian, Mughlai, Des...",4.0,,₹200 FOR TWO,FLAT125 off | Use FLATDEAL
The Dessert Zone,"Bakery, Desserts, Ice Cream, Beverages",4.1,,₹200 FOR TWO,FLAT125 off | Use FLATDEAL
Spice 6 Global Dining,"Indian, Chinese, Arabian, Desserts, Lebanese, Biryani, North Indian",4.2,,₹900 FOR TWO,30% off | Use TRYNEW
Sri Narsing Bhelpuri and Juice,"Chaat, Italian, Juices, Fast Food",4.0,,₹200 FOR TWO,
Santosh Family Dhaba Pure Veg,"North Indian, Chinese, Biryani",,3.9,₹400 FOR TWO,40% off | Use TRYNEW
Turkish Central,"Turkish, Arabian",,3.5,₹200 FOR TWO,30% off | Use TRYNEW
Nakshatra Inn Multi Cuisine Restaurant,"Biryani, Chinese, North Indian, South Indian",,3.8,₹300 FOR TWO,20% off | Use TRYNEW
Cakes11,"Bakery, Desserts",,3.9,₹200 FOR TWO,40% off | Use GUILTFREE
HI King Bakers,"Bakery, Chinese, American",4.3,,₹300 FOR TWO,
Lassi & Falooda Co,"Beverages, Desserts, Ice Cream",,3.3,₹250 FOR TWO,FLAT125 off | Use FLATDEAL
Softy Den,Beverages,4.2,,₹150 FOR TWO,
Chung Hua Restaurant,"Chinese, Asian, Thai, Seafood, Singaporean, Malaysian",4.2,,₹300 FOR TWO,
Taiba Bakery & Cafe,"Bakery, Pizzas, Fast Food, South Indian, Beverages, Burgers",4.3,,₹300 FOR TWO,10% off | Use TRYNEW
The Matter of Batter,Desserts,4.3,,₹400 FOR TWO,
Sanjos Donuts,Desserts,,3.9,₹250 FOR TWO,FLAT100 off | Use FLATDEAL
HY-LINE,"Arabian, Biryani",,,₹400 FOR TWO,
The Kunafa Station,Arabian,,3.9,₹250 FOR TWO,30% off | Use TRYNEW
Santosh Premium Dhaba,"North Indian, Biryani, Chinese, South Indian",4.0,,₹400 FOR TWO,40% off | Use TRYNEW
URBAN TADKA-The terrace kitchen,"Chinese, Seafood",,3.8,₹500 FOR TWO,
Roll Zone,Indian,,3.9,₹300 FOR TWO,20% off | Use TRYNEW
Balaji Ram Ratan mithai Bhandar,Snacks,4.2,,₹100 FOR TWO,
50 Fruits,"Juices, Beverages",4.1,,₹150 FOR TWO,
Andhra Meal Co,Andhra,,3.4,₹200 FOR TWO,50% off on all orders
Amogh Multicuisine Restaurant,"Biryani, Chinese, Street Food",4.0,,₹350 FOR TWO,20% off | Use TRYNEW
Paratha Wala,North Indian,4.0,,₹150 FOR TWO,FLAT100 off | Use FLATDEAL
Pagal Panda,"Chinese, North Indian",,3.8,₹400 FOR TWO,50% off | Use TRYNEW
Thick shakes 24/7,Beverages,,,₹300 FOR TWO,50% off on all orders
Shahji Ka Dhaba,"North Indian, Chinese",4.2,,₹400 FOR TWO,Free Biryani Rice on orders above ₹669
Shahji Ka Dhaba,"North Indian, Chinese",4.2,,₹400 FOR TWO,Free Biryani Rice on orders above ₹669
Bench Cafe & Chinese Restaurant,"Chinese, Italian",4.3,,₹500 FOR TWO,
TEJU MESS,South Indian,4.0,,₹200 FOR TWO,
SHREE LALLA DHABA,North Indian,4.0,,₹350 FOR TWO,40% off | Use TRYNEW
Nrs Anand Tiffins,South Indian,4.0,,₹150 FOR TWO,20% off | Use TRYNEW
Parampara - Flavours of India,"North Indian, South Indian, Chinese",4.2,,₹450 FOR TWO,
The Exotic Shawarma,Arabian,4.1,,₹250 FOR TWO,
Dine Hill,"Arabian, Biryani, North Indian, Chinese",4.0,,₹400 FOR TWO,15% off | Use PARTY
Prowl Foods By Tiger Shroff,"North Indian, Continental, Chinese, Snacks, Healthy Food, Salads",,3.8,₹500 FOR TWO,Flat ₹100 off on orders above ₹399
KAPOOR'S CAFE,North Indian,4.0,,₹400 FOR TWO,
Behrouz Biryani,"Biryani, Mughlai, Lucknowi, Hyderabadi, Kebabs, North Indian, Persian, Desserts",,3.8,₹500 FOR TWO,40% off | Use GUILTFREE
Marathi Katta,Maharashtrian,4.2,,₹150 FOR TWO,
Hotel Brundavan Pride,"North Indian, Chinese, Biryani",4.2,,₹400 FOR TWO,
Harley's Fine Baking,"Desserts, Fast Food, Bakery, Sweets, Snacks",4.1,,₹500 FOR TWO,20% off | Use TRYNEW
Balaji sitaram mithai bhandar,"Sweets, Fast Food",4.1,,₹150 FOR TWO,
Scoops Tiffin,South Indian,4.2,,₹100 FOR TWO,
New Singh's -Veg Restaurant,"North Indian, Chinese",4.2,,₹350 FOR TWO,15% off | Use TRYNEW
Shanbhag Hotel,"North Indian, South Indian, Chinese, Biryani, Thalis, Fast Food",4.1,,₹300 FOR TWO,25% off | Use TRYNEW
Sahadeva Reddy Tiffins,South Indian,4.2,,₹150 FOR TWO,30% off | Use TRYNEW
Stop n Go,Bakery,4.2,,₹200 FOR TWO,
Papadams Restaurant,"Biryani, Chinese, Andhra, North Indian, South Indian, Tandoor",,3.8,₹500 FOR TWO,40% off | Use TRYNEW
BLAH BLAH,"Biryani, Chinese, Seafood, Lebanese",,3.1,₹500 FOR TWO,20% off | Use TRYNEW
SOHANLAL TEA TIME,"Beverages, South Indian",4.3,,₹160 FOR TWO,
Balaji Dinesh Mithai bhandar,"Sweets, Snacks",4.1,,₹200 FOR TWO,30% off | Use TRYNEW
THE MILKSHAKE SHOP,"Beverages, Desserts",,3.3,₹300 FOR TWO,15% off | Use TRYNEW
DESI ROLLS,"Fast Food, Snacks",,3.1,₹200 FOR TWO,50% off | Use TRYNEW
Agra Sweets,"Sweets, Bakery",,3.6,₹200 FOR TWO,
Sivarama reddy sweets,Sweets,4.4,,₹500 FOR TWO,10% off | Use TRYNEW
Mumbai Masalaa,"North Indian, Chinese, South Indian",4.3,,₹300 FOR TWO,10% off | Use PARTY
Sampradaya Foods,"Sweets, Desserts",4.4,,₹450 FOR TWO,
All Day Parathas,North Indian,4.3,,₹300 FOR TWO,FLAT125 off | Use FLATDEAL
Theobroma,Desserts,4.5,,₹300 FOR TWO,
Mandi House Arabian Restaurant,Arabian,,3.8,₹400 FOR TWO,
Hameedi Confectioners,Sweets,4.5,,₹300 FOR TWO,
Shree Ganesh Darshini,South Indian,,3.8,₹150 FOR TWO,
CAKES KABOOM,"Bakery, Desserts",,3.9,₹250 FOR TWO,Free Butterscotch Cupcake on orders above ₹479
Sultan Darbar,"Biryani, Chinese, Tandoor, North Indian, Desserts",4.1,,₹300 FOR TWO,15% off | Use TRYNEW
Al madina,Indian,4.0,,₹100 FOR TWO,
Soul Rasa,"Indian, Healthy Food, Home Food, North Indian, South Indian",4.0,,₹300 FOR TWO,FLAT150 off | Use FLATDEAL
Kung Pao Kitchen,Chinese,4.1,,₹300 FOR TWO,40% off | Use GUILTFREE
Amaravathi Restaurant,"North Indian, Chinese",4.2,,₹400 FOR TWO,FLAT100 off | Use FLATDEAL
Starboy Pizza & Shakes,"Pizzas, Italian, Desserts, Beverages",,3.8,₹300 FOR TWO,Flat ₹125 off on orders above ₹249
A.s Deccan chai & milkshakes,Indian,,,₹40 FOR TWO,
Chicha's,"Biryani, Hyderabadi, Indian, Street Food",,3.8,₹200 FOR TWO,
MANDI TOWN,"Arabian, Chinese, Tandoor",,3.8,₹500 FOR TWO,20% off | Use TRYNEW
Ohri's Cake Nation,"Desserts, Bakery",4.3,,₹600 FOR TWO,Flat ₹150 off on orders above ₹399
Banjara9 Restaurants,"South Indian, Indian, Tandoor, Kebabs, Seafood, Chinese, Biryani, Desserts",4.1,,₹400 FOR TWO,20% off | Use TRYNEW
Sri Shagun Mithai Vatika,"Desserts, Sweets",4.1,,₹200 FOR TWO,
Sha Sha - Shandaar Shawarma,"Arabian, Snacks",,3.9,₹300 FOR TWO,15% off | Use PARTY
Farmbowl By Urbankisaan,"Mexican, Healthy Food, Salads",4.2,,₹300 FOR TWO,20% off | Use TRYNEW
Faasos' Signature Wraps & Rolls,"Snacks, Beverages, Desserts",,3.9,₹350 FOR TWO,40% off | Use TRYNEW
Kebabieu,"Indian, Beverages",,,₹200 FOR TWO,
SRI RAMAKRISHNA REDDY PURE GHEE SWEETS,"Sweets, Snacks",4.3,,₹400 FOR TWO,
CITY SPARK RESTAURANT,"North Indian, Chinese, Biryani, Arabian, Tandoor, Snacks",4.0,,₹400 FOR TWO,
sri laxmidevi pindivantalu,"Snacks, Desserts",,,₹700 FOR TWO,
Alhamdulilah Juice Centre,Beverages,,3.3,₹150 FOR TWO,
Meethe Miya,"Desserts, Sweets",4.2,,₹300 FOR TWO,
Pakka local,"Indian, Chinese, Continental",4.0,,₹500 FOR TWO,
Biryanis And More,"Biryani, Chinese, Tandoor",,3.7,₹350 FOR TWO,40% off | Use TRYNEW
The Milkshake Factory,"Beverages, Desserts",,3.9,₹300 FOR TWO,50% off | Use TRYNEW
Seventh Heaven Restaurant ,"Biryani, Indian, Chinese, Tandoor",4.0,,₹600 FOR TWO,
Peshawar Restaurant,"Indian, Biryani",4.0,,₹450 FOR TWO,
GARDEN STREET KITCHEN,"Biryani, Chinese, Snacks",,3.8,₹200 FOR TWO,30% off | Use TRYNEW
Hotel Akshaya,"North Indian, Chinese, Tandoor, South Indian",4.3,,₹300 FOR TWO,
Arabian Shawarma,Arabian,,3.7,₹200 FOR TWO,30% off | Use TRYNEW
Samosa Singh,"Snacks, North Indian, Juices, Beverages",4.3,,₹100 FOR TWO,20% off | Use TRYNEW
SHUBLAXMI DHABA,"Beverages, North Indian",,3.9,₹150 FOR TWO,
Lassi Shop - Malakpet,Ice Cream,,3.4,₹100 FOR TWO,
pizza fun,"Pizzas, American",,,₹200 FOR TWO,50% off | Use TRYNEW
Nani's Dosa,South Indian,4.1,,₹300 FOR TWO,
Turkish Medbhee Restaurant,"Arabian, North Indian",,3.9,₹500 FOR TWO,15% off | Use TRYNEW
Mithai Mandir,South Indian,,3.8,₹300 FOR TWO,
Tara,"Chinese, Italian",4.1,,₹300 FOR TWO,
Angaara,"Biryani, Chinese, Tandoor, Indian",,3.9,₹250 FOR TWO,10% off | Use TRYNEW
Ibaco,"Ice Cream, Desserts",4.3,,₹800 FOR TWO,
Sahadeva Reddy's Southern Spice,South Indian,4.3,,₹200 FOR TWO,30% off | Use TRYNEW
K&C Bakers &confectioners,Bakery,4.2,,₹200 FOR TWO,15% off | Use PARTY
The Good Bowl,"North Indian, Punjabi, Biryani, Chinese, Beverages, Desserts, Jain, Indian, Hyde...",,3.8,₹400 FOR TWO,40% off | Use TRYNEW
Garam Masala,"North Indian, Chinese, Biryani",,3.8,₹300 FOR TWO,
Sarvi Restaurant and Bakery,"Fast Food, Chinese, Desserts",4.2,,₹350 FOR TWO,20% off | Use TRYNEW
Millet Express,"Healthy Food, South Indian, North Indian, Biryani, Chinese, Beverages",4.1,,₹200 FOR TWO,40% off | Use TRYNEW
Chai Point,"Bakery, Beverages, Maharashtrian, Snacks, Street Food, South Indian, Punjabi",4.1,,₹150 FOR TWO,50% off | Use GUILTFREE
Burger Division,"Snacks, American",4.1,,₹500 FOR TWO,50% off | Use TRYNEW
The Biryani Life,"Biryani, North Indian, Chinese",,3.8,₹250 FOR TWO,
Jai Bhavani Spicy Hot Fast Food Centre,"Street Food, Indian, Chinese",,3.7,₹100 FOR TWO,
Snazzy Ice Cream,"Ice Cream, Desserts, Ice Cream Cakes, Beverages",,3.7,₹150 FOR TWO,
Burger It Up,"Burgers, Beverages, Desserts, American, Cafe",4.1,,₹150 FOR TWO,40% off | Use TRYNEW
Shahi Zaiqa,"Biryani, North Indian, Chinese",,3.5,₹750 FOR TWO,40% off | Use TRYNEW
The Brooklyn Creamery - Healthy Ice Cream,"Desserts, Ice Cream, Healthy Food",4.4,,₹200 FOR TWO,
Dum Safar Biryani,"Biryani, Kebabs, Tandoor, Indian, Desserts",,,₹500 FOR TWO,50% off | Use TRYNEW
CRISPY CRUST,"Beverages, Fast Food, Ice Cream, Italian, Juices",4.0,,₹300 FOR TWO,
Safeena Cakes And Bakes,"Bakery, Pizzas",,3.9,₹150 FOR TWO,
Spicy Bucket Biryani,Biryani,,,₹450 FOR TWO,30% off | Use TRYNEW
Deccan Chinese Fast Food,Chinese,,3.7,₹200 FOR TWO,
Nice Tiffins,South Indian,4.1,,₹200 FOR TWO,30% off | Use TRYNEW
THE PORK AFFAIR,North Indian,,3.9,₹450 FOR TWO,
Tajis Food Court,"Indian, South Indian, Chinese, Arabian",,3.8,₹2 FOR TWO,
Krishna Idli and Dosa,"South Indian, Chinese, Pizzas, Andhra, Hyderabadi, Maharashtrian, Salads, Bevera...",,3.8,₹250 FOR TWO,
Natural fruits Juices & Salads,"Beverages, Snacks",,,₹100 FOR TWO,20% off | Use TRYNEW
Balaji Jai Narayan Mithai Bhandar,Sweets,,3.8,₹200 FOR TWO,20% off | Use TRYNEW
Third Wave Coffee,"Beverages, Cafe, Desserts",4.4,,₹400 FOR TWO,30% off | Use TRYNEW
Sri Sai Pan Milan	,Paan,,,₹100 FOR TWO,10% off | Use TRYNEW
Chattu Ram Yadav Milk Shop,"North Indian, Chinese, Biryani, Beverages",4.2,,₹150 FOR TWO,
Hive Honey Cake,Bakery,4.4,,₹150 FOR TWO,
Haji Ali Juice Center,"Juices, Snacks, Pizzas, Chaat, Fast Food",,3.9,₹200 FOR TWO,25% off | Use TRYNEW
Pure Veg Meals by Lunchbox,"North Indian, Desserts, Biryani",4.1,,₹200 FOR TWO,50% off | Use TRYNEW
Sri Jai Durga Restaurant,"Biryani, Andhra",,3.6,₹300 FOR TWO,20% off | Use TRYNEW
Jalpaan,"North Indian, Chinese, Continental, Italian",,3.9,₹500 FOR TWO,FLAT150 off | Use FLATDEAL
Burhanpur Khowa Jalebi,"Desserts, Sweets",4.3,,₹200 FOR TWO,15% off | Use TRYNEW
Tabla,"North Indian, Chinese, South Indian",4.1,,₹600 FOR TWO,20% off | Use TRYNEW
Miami Waffle & Jawbreakers,"Waffle, Desserts, Beverages",,3.7,₹200 FOR TWO,Flat ₹125 off on orders above ₹249
Saini Fast Food,"North Indian, Chinese",4.1,,₹300 FOR TWO,
Taj Bakery,Bakery,,3.8,₹200 FOR TWO,
NEW SHALIMAR SWEETS AND BAKERY,Sweets,,,₹200 FOR TWO,
Cupcake Bliss Cake & Desserts,"Bakery, Desserts, Ice Cream, Beverages",4.0,,₹200 FOR TWO,FLAT125 off | Use FLATDEAL
Kitchen Flavours,Indian,,3.4,₹300 FOR TWO,
Delight Delicious,"Chinese, Italian, Desserts, Chaat",,3.4,₹280 FOR TWO,
Vijay curries and fast food centre,"South Indian, Indian, Chinese",4.0,,₹100 FOR TWO,
KESHAVAM RESTAURANT,"Chinese, South Indian, North Indian",,,₹200 FOR TWO,20% off | Use TRYNEW
Ohri's Gufaa,North Indian,4.1,,₹400 FOR TWO,10% off | Use PARTY
Old Mumbai Ice Cream,Ice Cream,4.1,,₹200 FOR TWO,
De' Cafe Studio,"Continental, American, Italian",,3.9,₹300 FOR TWO,
EXPRESS BY AB'S,"North Indian, Chinese",,3.6,₹400 FOR TWO,50% off | Use TRYNEW
Simrats Dhaba,"North Indian, Chinese",4.1,,₹300 FOR TWO,20% off | Use TRYNEW
Burger Hub's,"Desserts, Beverages",,3.6,₹300 FOR TWO,
Shabab Bait Al Mandi,Arabian,4.0,,₹500 FOR TWO,
Mahalaxmi Tiffin Centre,Indian,4.0,,₹200 FOR TWO,
Chili's American Grill & Bar,"American, Mexican",4.0,,₹700 FOR TWO,60% off | Use TRYNEW
Saravana Udupi Hotel,South Indian,4.2,,₹150 FOR TWO,FLAT100 off | Use FLATDEAL
Sri Sai Baba Tiffin Centre,South Indian,,,₹120 FOR TWO,10% off | Use TRYNEW
7 Hills Home Foods,"Indian, Snacks, Juices",,,₹100 FOR TWO,10% off | Use TRYNEW
Amrit Juice center,"Juices, Beverages, Ice Cream",,,₹250 FOR TWO,
Vadapav & More,"Street Food, Snacks",,3.2,₹250 FOR TWO,30% off | Use TRYNEW
Brothers Bakery & Fast Food,Chinese,,,₹180 FOR TWO,
TEA TIME,Beverages,4.1,,₹200 FOR TWO,
D-Lite Frankie,Indian,,3.8,₹200 FOR TWO,
Offer Adda,Snacks,,,₹300 FOR TWO,
PVR Cafe,"Snacks, Fast Food, Beverages",,3.9,₹400 FOR TWO,Flat ₹125 off on orders above ₹249
Cyan cafe,"American, Pizzas, Fast Food",,3.6,₹400 FOR TWO,FLAT100 off | Use FLATDEAL
3MG FAMILY RESTAURANT,"South Indian, Snacks, Juices, Beverages, Ice Cream, Sweets",,3.7,₹100 FOR TWO,10% off | Use TRYNEW
Waffles & Dinges,Waffle,,,₹249 FOR TWO,20% off | Use TRYNEW
Badam House,"Fast Food, Snacks",,,₹400 FOR TWO,
EK PYALI CHAI,"Beverages, Chaat, Desserts, Fast Food, Juices",,3.9,₹150 FOR TWO,
Mithas Sweets And Kashi Restaurant,"Biryani, Indian, Chinese",,,₹500 FOR TWO,
SRI LAKSHMI FOOD COURT,Chinese,,,₹200 FOR TWO,
US Pizza,"Italian, Pizzas, Beverages, Desserts",,3.0,₹200 FOR TWO,30% off | Use PARTY
Maalgaadi by Dhaba Estd 1986 Delhi,"North Indian, Indian, Biryani, Punjabi, Kebabs, Grill, Mughlai, Desserts",4.0,,₹1200 FOR TWO,10% off | Use PARTY
Laxmi Balaji Santosh Family Dhaba,"North Indian, Chinese, Tandoor",4.3,,₹400 FOR TWO,
99 Pancakes,"Desserts, Beverages",,3.8,₹300 FOR TWO,
Churrolto,"Desserts, Italian, Mexican",4.3,,₹700 FOR TWO,
Sarkar's kitchen,"Bengali, Biryani",4.2,,₹600 FOR TWO,
Chaayos Chai+Snacks=Relax,"Bakery, Beverages, Chaat, Desserts, Home Food, Italian, Maharashtrian, Snacks, S...",4.3,,₹250 FOR TWO,50% off | Use TRYNEW
Auberry The Bake Shop,"Bakery, Desserts, Beverages, Cafe",,3.7,₹500 FOR TWO,50% off | Use TRYNEW
SHAKE STUDIO,"Desserts, Beverages, Snacks",4.0,,₹300 FOR TWO,FLAT150 off | Use FLATDEAL
Swathi Coffee Shoppe,"Beverages, Chinese, South Indian, North Indian",4.2,,₹400 FOR TWO,
Diamond Pan Shop,"Paan, Indian",4.6,,₹250 FOR TWO,
DONER KING,"Arabian, Fast Food",,,₹300 FOR TWO,
POORNA HOTEL,South Indian,4.4,,₹150 FOR TWO,10% off | Use TRYNEW
Govi's Organic Foods,"Sweets, Desserts, Snacks, Healthy Food, Indian",4.7,,₹300 FOR TWO,
Kshetra Restaurant,"North Indian, Chinese",4.5,,₹400 FOR TWO,
Agrawala Sweets,"Sweets, Fast Food",4.2,,₹250 FOR TWO,10% off | Use TRYNEW
Natural fruits Juices & Salads,"Beverages, Snacks",,,₹100 FOR TWO,20% off | Use TRYNEW
Turkish Medbhee Restaurant,"Arabian, North Indian",,3.9,₹500 FOR TWO,15% off | Use TRYNEW
Cacke Smiith,Bakery,,,₹200 FOR TWO,
Agra Mithai Ghar And Restaurant,"Sweets, Beverages, Chaat, Desserts",4.1,,₹200 FOR TWO,15% off | Use TRYNEW
Balaji Dinesh Mithai bhandar,"Sweets, Snacks",4.1,,₹200 FOR TWO,30% off | Use TRYNEW
Telangana Inti Ruchulu ,"South Indian, Telangana, Home Food",4.1,,₹200 FOR TWO,20% off | Use TRYNEW
NEW SHAHI NAAN,Indian,4.7,,₹49 FOR TWO,
Hotel Shezan - Exhibition Ground,"Indian, Biryani, Chinese",4.3,,₹200 FOR TWO,10% off | Use PARTY
Auberry The Bake Shop,"Bakery, Desserts, Beverages, Cafe",,3.7,₹500 FOR TWO,50% off | Use TRYNEW
New Astoria Restaurant,"Chinese, Biryani",,3.9,₹450 FOR TWO,
The Platinum Hotel-Clove,"North Indian, South Indian, Continental, Chinese",4.2,,₹800 FOR TWO,
FANCY ICE CREAM,"Ice Cream, Desserts",4.0,,₹40 FOR TWO,15% off | Use TRYNEW
SRI RAMI REDDY PURE GHEE SWEETS,"Continental, Sweets, Indian",4.5,,₹500 FOR TWO,
Shawarma Hot And Cool Point,"Arabian, Snacks",,,₹200 FOR TWO,
Hotel Rajdhani,"North Indian, South Indian, Biryani, Tandoor",,3.7,₹500 FOR TWO,
Santosh Dhaba (Santosh Castle),"North Indian, Biryani, Chinese, Italian, Mexican, Desserts",,3.7,₹300 FOR TWO,30% off | Use TRYNEW
Krishtunga Restaurant,"South Indian, North Indian, Biryani",,,₹500 FOR TWO,15% off | Use TRYNEW
Chinese Kitchen,"Chinese, North Indian",,3.3,₹249 FOR TWO,30% off | Use TRYNEW
Tempteas,"Beverages, Snacks",,3.8,₹100 FOR TWO,
Moon Bean Cafe,"Indian, Chinese, Continental, Italian",,3.9,₹250 FOR TWO,
Flyberry Gourmet - Healthy cafe,"Desserts, Snacks, Healthy Food",4.7,,₹300 FOR TWO,FLAT100 off | Use FLATDEAL
SRI VAIBHAV TIFFINS,South Indian,4.3,,₹200 FOR TWO,
The Big Oven,"Bakery, Desserts",4.1,,₹200 FOR TWO,20% off | Use TRYNEW
Juice Splash,"Juices, Beverages",,3.8,₹100 FOR TWO,
Nizam's Pride Haleem,Haleem,,,₹500 FOR TWO,
The Kulfi & falooda project,"Beverages, Desserts",,,₹250 FOR TWO,FLAT125 off | Use FLATDEAL
Biryani Crave by AV s Smokebox,"Biryani, Tandoor",,,₹500 FOR TWO,20% off | Use TRYNEW
Jar Cake Walkers,"Bakery, Desserts",4.9,,₹200 FOR TWO,
Best Belgian waffle,"Beverages, Desserts, Waffle",4.2,,₹250 FOR TWO,50% off | Use TRYNEW
Alfa Sweets,"Sweets, Bakery",4.2,,₹150 FOR TWO,
Mamagoto,"Chinese, Asian",4.1,,₹800 FOR TWO,50% off | Use TRYNEW
Bake Delight,"Bakery, Chinese",,3.7,₹200 FOR TWO,50% off | Use JUMBO
GULZAR SWEETS,"Sweets, Snacks",4.5,,₹200 FOR TWO,
Spicy Dhaba,Indian,4.1,,₹200 FOR TWO,Free Butter Milk on orders above ₹659
Al Farooj Sonu Kabab,"Biryani, Kebabs, North Indian, Snacks",4.0,,₹200 FOR TWO,
Gelatica Ice Creams,"Desserts, Ice Cream",4.1,,₹250 FOR TWO,40% off | Use TRYNEW
Oh my shawarma,Indian,,3.8,₹300 FOR TWO,30% off | Use TRYNEW
Sky Shade Restaurant,"North Indian, Biryani",4.1,,₹300 FOR TWO,
Veerji Ka Dhaba,North Indian,4.0,,₹200 FOR TWO,
Famous Fried Chicken,Salads,,3.6,₹300 FOR TWO,
TCS The Cake Story,"Bakery, Desserts",4.0,,₹200 FOR TWO,30% off | Use TRYNEW
New Deccan Bakers and Sweet Shop,"Sweets, North Indian, Bakery",,3.7,₹100 FOR TWO,
Ohri's Serengeti,Indian,,3.8,₹400 FOR TWO,
Sundae Everyday Ice Creams,"Beverages, Ice Cream, Desserts",,3.9,₹100 FOR TWO,FLAT125 off | Use FLATDEAL
GRABZ,"Italian, Continental",,3.9,₹250 FOR TWO,10% off | Use TRYNEW
Indari,"South Indian, Chinese",4.1,,₹400 FOR TWO,20% off | Use TRYNEW
Hotel Shezan - Exhibition Ground,"Indian, Biryani, Chinese",4.3,,₹200 FOR TWO,10% off | Use PARTY
Ghrelin - Cafe and Patisserie,"Bakery, Desserts, Pizzas, Pastas, Italian",4.3,,₹450 FOR TWO,40% off | Use TRYNEW
Exotica,"Chinese, Indian",4.4,,₹1000 FOR TWO,40% off | Use TRYNEW
Lazzat Restaurant,"Biryani, Hyderabadi, Tandoor, South Indian, Indian, Chinese",,3.8,₹400 FOR TWO,
Protein Chef,"North Indian, Healthy Food, Snacks",4.0,,₹300 FOR TWO,40% off | Use SPECIALS
Dumont Creamery,"Beverages, Ice Cream",4.4,,₹250 FOR TWO,30% off | Use TRYNEW
The Dessert Heaven - Pure Veg,"Bakery, Desserts, Sweets, Ice Cream",4.0,,₹200 FOR TWO,50% off | Use TRYNEW
The fruit bowl,"North Indian, Juices",4.1,,₹150 FOR TWO,10% off | Use TRYNEW
MUDDAPAPPU AVAKAI.COM,"South Indian, Indian, Andhra, Telangana, Beverages",,3.9,₹300 FOR TWO,10% off | Use TRYNEW
Blend Tejaswi Raj,"Ice Cream, Beverages",,3.5,₹250 FOR TWO,25% off | Use JUMBO
Jenny's Brownies,"Desserts, Bakery, Beverages",,3.7,₹300 FOR TWO,Flat ₹125 off on orders above ₹249
Miami Shakes & More,"Beverages, Desserts",,3.6,₹300 FOR TWO,Flat ₹125 off on orders above ₹249
Green Dot Pizza,"Pizzas, Italian, Desserts, Beverages",,3.9,₹300 FOR TWO,Flat ₹125 off on orders above ₹249
Hotel Indu Deluxe,"South Indian, Biryani",4.1,,₹400 FOR TWO,
Turkish Shawarma & Burgers,"Arabian, American, Fast Food",,,₹300 FOR TWO,
Rolls & Bowls By FEEDX,"North Indian, Snacks, Salads, Beverages, Indian, Pastas",,3.6,₹200 FOR TWO,
MONSTER SHAKES AND SNACKS,"Beverages, Snacks, Chinese, Fast Food, Pizzas",,,₹200 FOR TWO,
Splurge - Thickshakes and Milkshakes,"Desserts, Ice Cream, Beverages",,3.5,₹300 FOR TWO,50% off | Use TRYNEW
Vijay biryani point and fast food,Biryani,,,₹100 FOR TWO,
UFO Fries And Corn,Continental,,3.4,₹400 FOR TWO,FLAT100 off | Use FLATDEAL
New Delhi Mithai Wala - Ramnagar Musheerabad,"Sweets, Juices, Chaat, Chinese",4.0,,₹300 FOR TWO,
Red Rose Restaurant,"Bakery, Snacks",,,₹200 FOR TWO,20% off | Use TRYNEW
Mezza,Indian,,,₹300 FOR TWO,
Jalebiwalas Mithai Bhandar,"Desserts, Bakery",,3.8,₹300 FOR TWO,
Cherry's Kitchen,"Arabian, Chinese, Beverages",,,₹200 FOR TWO,
Sri Shivshakti Jodhpur Sweets,"Sweets, Snacks",4.1,,₹150 FOR TWO,
Elysium creamery,Ice Cream,,,₹200 FOR TWO,
Frykiki,"Fast Food, Pizzas, Pastas",,3.2,₹350 FOR TWO,30% off | Use TRYNEW
AL HASHMI FAST FOOD,Biryani,4.1,,₹200 FOR TWO,
PKP-Pidata Kinda Pappu,"Snacks, Indian",4.2,,₹150 FOR TWO,
a bleu basil,"Indian, North Indian, Tandoor, Biryani, Italian, Continental, Chinese, Desserts,...",,3.9,₹600 FOR TWO,20% off | Use TRYNEW
Bowls & Spoons,"Biryani, North Indian",,,₹250 FOR TWO,25% off | Use TRYNEW
T-Junction,Chinese,,,₹200 FOR TWO,
Rainbow Food Court,"Chinese, Biryani",,,₹300 FOR TWO,20% off | Use TRYNEW
MATA BHAVANI FAST FOOD,Chinese,,,₹200 FOR TWO,
Biryani Bites,"Biryani, North Indian",,,₹350 FOR TWO,
A1 GOLDEN FAST FOOD AND TEA POINT,Chinese,,,₹300 FOR TWO,10% off | Use TRYNEW
Lassi N More	,"Beverages, Ice Cream",,3.2,₹200 FOR TWO,60% off | Use TRYNEW
Haiking Chinese Restaurant,Chinese,4.3,,₹1000 FOR TWO,
Yummy Bee - Low Calorie Desserts,Desserts,4.3,,₹500 FOR TWO,20% off on all orders
Let's Scoop Ice Cream Cafe,"Ice Cream, Pizzas, Desserts, Bakery, Beverages",4.3,,₹200 FOR TWO,40% off | Use GUILTFREE
Huber & Holly,"Pizzas, Beverages, Ice Cream",4.2,,₹500 FOR TWO,40% off | Use SPECIALS
Mughlai Restaurant,"Mughlai, Indian, Chinese, Biryani, Seafood",,3.1,₹300 FOR TWO,FLAT250 off | Use FLATDEAL
Dadu's Masala Republic,"Chaat, Indian, Continental, Biryani",4.0,,₹500 FOR TWO,30% off | Use TRYNEW
Crispy Hub,"American, Pizzas, Continental, Snacks, Desserts, Beverages",,3.7,₹250 FOR TWO,
SLAY Coffee,"Beverages, Desserts",4.3,,₹200 FOR TWO,FLAT125 off | Use FLATDEAL
Cream Stone Ice Cream Cakes,"Ice Cream, Desserts",,,₹500 FOR TWO,60% off | Use TRYNEW
Dhaba Estd 1986 Delhi,Indian,4.2,,₹600 FOR TWO,11% off | Use PARTY
Combo Stories By 10D Express,"Continental, Chinese",4.0,,₹400 FOR TWO,FLAT125 off | Use FLATDEAL
Azaan Bait Al Mandi,Biryani,,3.8,₹350 FOR TWO,
The Bon Appetite,"Chinese, Indian, Kebabs, Biryani",4.2,,₹400 FOR TWO,40% off | Use TRYNEW
FISH OH FISH,"Biryani, Tandoor, Mughlai",,3.8,₹400 FOR TWO,
Maggi Point,"Snacks, Fast Food, Burgers, Beverages",,,₹150 FOR TWO,FLAT100 off | Use FLATDEAL
Manikantha Mess & Curry Point,"South Indian, Andhra",,3.3,₹200 FOR TWO,
Fantastic Four Cafe,"Italian, Fast Food, Chinese",4.1,,₹400 FOR TWO,30% off | Use TRYNEW
Chinese Corner restaurant,"Chinese, Beverages, Biryani",,,₹300 FOR TWO,
Baskin Robbins Happyness Shakes,"Beverages, Desserts",,,₹250 FOR TWO,30% off | Use TRYNEW
Waffle Studio,"Desserts, Beverages, Snacks",,3.4,₹300 FOR TWO,FLAT150 off | Use FLATDEAL
Juice Box,"Beverages, Snacks",,3.1,₹150 FOR TWO,
Amma Special Food,"Indian, South Indian",,3.8,₹100 FOR TWO,10% off | Use TRYNEW
Masala Medley,"North Indian, Chinese",4.0,,₹449 FOR TWO,
Zam Zam Arabian Mandi	,"Arabian, Barbecue, Fast Food",,,₹500 FOR TWO,60% off | Use TRYNEW
Lazeez fast food,Chinese,,3.4,₹200 FOR TWO,
New Lavish Food Court,Chinese,,3.4,₹200 FOR TWO,30% off on all orders
Cafe Victory Biryani & Kababs,"Kebabs, Snacks, Biryani",,,₹300 FOR TWO,
INSOMNIA KETCHEN,"Snacks, Bakery, Ice Cream, Beverages",,,₹330 FOR TWO,40% off | Use TRYNEW
Amma Chethi Vanta Ruchulu,"South Indian, Snacks, Beverages",,,₹100 FOR TWO,10% off | Use TRYNEW
Kadir Nurman - Bonafide Shawarma,"Arabian, Lebanese, European",4.1,,₹400 FOR TWO,30% off | Use TRYNEW
Oye Pizza,"Pizzas, Jain, Beverages",,3.7,₹250 FOR TWO,50% off | Use TRYNEW
The Daily Bowl,"North Indian, Indian",,,₹200 FOR TWO,50% off on all orders
Seeta Fruit Juice Centre,"Ice Cream, Beverages",,3.4,₹200 FOR TWO,
The Bubble Tea  Project,Beverages,,,₹260 FOR TWO,10% off | Use TRYNEW
Cremeborne - Ice Creams & dessert,"Ice Cream, Desserts, Beverages, Fast Food, Snacks",4.1,,₹350 FOR TWO,
Roasted Cream,"Pizzas, Fast Food, Burgers",,,₹400 FOR TWO,
Itabian Restro,"Arabian, Kebabs",4.4,,₹300 FOR TWO,
Wrap Up Crave by AVs Smokebox,"Lebanese, Fast Food, Snacks",,,₹400 FOR TWO,20% off | Use TRYNEW
New Akbar Fast Food,Indian,,3.5,₹300 FOR TWO,Free Akbar Special Soup on orders above ₹439
Thickshake Zone,Beverages,4.0,,₹450 FOR TWO,50% off on all orders
Binge O'Dimsum (B.O.D),"Thai, Asian, Chinese, Indian, Snacks, Japanese, Street Food, Pan-Asian, Korean, ...",4.6,,₹600 FOR TWO,40% off | Use PARTY
Naintara ( By Sri Narsingh Bhelpuri ),"North Indian, Italian-American, Fast Food, Snacks",4.2,,₹300 FOR TWO,20% off | Use TRYNEW
Sri Vigneshwara Curry Point,Indian,,,₹350 FOR TWO,FLAT250 off | Use FLATDEAL
Bikanervala,"Sweets, North Indian, Chinese, South Indian",4.3,,₹500 FOR TWO,
Sundae Everyday Ice Creams,"Beverages, Ice Cream, Desserts",,3.9,₹100 FOR TWO,FLAT125 off | Use FLATDEAL
Shree Ganesh Darshini,South Indian,,3.8,₹150 FOR TWO,
Tempteas,"Beverages, Snacks",,3.8,₹100 FOR TWO,
Darleys ice cream,"Desserts, Ice Cream, Beverages",4.2,,₹100 FOR TWO,
Scoops Tiffin,South Indian,4.2,,₹100 FOR TWO,
Qaffeine Coffee,"Beverages, Desserts, Snacks",4.0,,₹400 FOR TWO,30% off | Use TRYNEW
Shah Ghouse Cafe & Restaurant,"Biryani, Chinese, Tandoor, Mughlai, North Indian",4.1,,₹350 FOR TWO,20% off | Use TRYNEW
65 CORNER FAST FOOD,Chinese,4.0,,₹250 FOR TWO,
Momo Guy,"Tibetan, Asian, Desserts",,3.5,₹200 FOR TWO,Flat ₹125 off on orders above ₹249
Biryani Crave by AV s Smokebox,"Biryani, Tandoor",,,₹500 FOR TWO,20% off | Use TRYNEW
Mughal Restaurant,"Mughlai, Biryani, Chinese, Tandoor, North Indian",4.1,,₹400 FOR TWO,40% off | Use GUILTFREE
Class Inn,"North Indian, Chinese",,3.4,₹200 FOR TWO,
Kshetra Restaurant,"North Indian, Chinese",4.5,,₹400 FOR TWO,
Govind Dosa,South Indian,4.2,,₹250 FOR TWO,20% off | Use TRYNEW
Baker Street,"Bakery, Continental",4.2,,₹250 FOR TWO,
burrito ice cream,Ice Cream,,,₹200 FOR TWO,10% off | Use TRYNEW
Chai vaai cafe,"Chinese, Indian, Italian-American, Beverages, Burgers, Fast Food",4.2,,₹400 FOR TWO,FLAT100 off | Use FLATDEAL
CAFE ROSCA,"Pizzas, Pastas, Seafood",4.2,,₹500 FOR TWO,
Bajrang chat bhandar,Chaat,4.3,,₹150 FOR TWO,
Fullfills,"Cafe, Italian, Lebanese",,3.3,₹500 FOR TWO,
Amritsar Haveli,"North Indian, Chinese, Beverages",4.1,,₹600 FOR TWO,
Brown Bear,"Desserts, Bakery",4.2,,₹250 FOR TWO,
Cookie Man,"Desserts, Ice Cream, Bakery",,3.4,₹1000 FOR TWO,40% off | Use TRYNEW
Dr.Bubbles - Champapet,"Waffle, Desserts, Beverages",,3.5,₹300 FOR TWO,30% off | Use TRYNEW
Bombay Restaurant,"Biryani, Chinese, North Indian",4.0,,₹200 FOR TWO,
Oriental Kitchen by 10D Express,Chinese,4.2,,₹400 FOR TWO,FLAT125 off | Use FLATDEAL
Punjabi kitchen,"Punjabi, North Indian, Indian",4.0,,₹199 FOR TWO,
Aamantran Raga Sweets,"Chaat, Snacks, Bakery, Sweets",4.0,,₹200 FOR TWO,20% off | Use TRYNEW
Delhi Chat House,"Chaat, Beverages, Fast Food, Pizzas",,3.8,₹200 FOR TWO,15% off | Use JUMBO
Southern Spice,"Biryani, North Indian, South Indian, Tandoor, Chinese",4.0,,₹850 FOR TWO,
Shanbhags Chinese Food Court,"Chinese, North Indian, Snacks",4.2,,₹300 FOR TWO,
V Cafe - Meals By PVR,"Pizzas, Snacks, American",,3.6,₹400 FOR TWO,Flat ₹125 off on orders above ₹249
Prem Di Rasoi,"North Indian, Chinese",4.2,,₹250 FOR TWO,
SAHASRA  KITCHEN'S,"Chinese, Indian",,3.7,₹300 FOR TWO,
Food Field,Indian,,3.3,₹400 FOR TWO,
Cravings,Snacks,,3.8,₹250 FOR TWO,
BAGARA RICE AND CURRIES,"North Indian, Indian",,,₹200 FOR TWO,
LOW BUDGET CURRY POINT,"South Indian, Indian, Combo",,3.4,₹200 FOR TWO,
Loukya Tasty Hub,"Pizzas, Snacks, Fast Food, Desserts, Beverages",,,₹99 FOR TWO,50% off | Use TRYNEW
Tinky Restaurant & Bar	,"Indian, Seafood, Biryani",,,₹500 FOR TWO,
sri vijay vaishnavi mess,Andhra,4.2,,₹150 FOR TWO,FLAT100 off | Use FLATDEAL
Kaati Zone Rolls & Wraps,"Fast Food, Bengali, Beverages, Desserts",,3.9,₹150 FOR TWO,40% off | Use GUILTFREE
Santosh Dhaba Estd 1990,"North Indian, Chinese, Biryani",,3.3,₹400 FOR TWO,40% off | Use GUILTFREE
Bombay Chowpati,"Chaat, Juices",,3.8,₹200 FOR TWO,FLAT100 off | Use FLATDEAL
Thali-Punjab-Di,"North Indian, Biryani, Tandoor, Thalis",,,₹250 FOR TWO,
Forbes cafe& Restaurant,Chinese,,,₹400 FOR TWO,
Jashwanth Tiffin Center,South Indian,4.0,,₹250 FOR TWO,15% off | Use TRYNEW
Crazy Shawarma,"Lebanese, Snacks",,,₹300 FOR TWO,
MURABI,"Ice Cream, Juices, Beverages, Desserts, Sweets",,,₹100 FOR TWO,20% off | Use TRYNEW
Silver Salt,"Hyderabadi, Biryani, North Indian",,3.9,₹1000 FOR TWO,10% off | Use PARTY
NANI CAKES,"Bakery, Desserts",,,₹500 FOR TWO,30% off | Use TRYNEW
Aromas of Asia,"Chinese, Thai, Asian",,3.7,₹1000 FOR TWO,
Sri Vathsala Urban Mandi & Family Restaurant,"Chinese, Indian",,,₹800 FOR TWO,
Firangi Bake,"Italian, Mexican, Pastas, Ice Cream",,3.8,₹400 FOR TWO,50% off | Use GUILTFREE
Balaji dhaba,"North Indian, Biryani, Chinese, Indian, Tandoor",,3.8,₹400 FOR TWO,40% off | Use GUILTFREE
New Agra Sweets,"Sweets, Desserts",4.1,,₹150 FOR TWO,
Falooda Shop,"Desserts, Beverages",,,₹300 FOR TWO,
Mana Inti Ruchulu,Indian,,,₹200 FOR TWO,
Winners Pizza (Fresh Dough),"Pizzas, Italian, Desserts, Beverages",4.0,,₹300 FOR TWO,Flat ₹125 off on orders above ₹249
House of Milkshakes,"Beverages, Fast Food, Burgers, Snacks, Pizzas",,,₹300 FOR TWO,
New MayaBazar,Indian,,3.8,₹200 FOR TWO,
Ofen,"European, Italian, Continental, Desserts",4.2,,₹300 FOR TWO,10% off | Use TRYNEW
Bake Zone Bakery&Lounge,Desserts,,3.7,₹300 FOR TWO,
Sahib Sindh Sultan,North Indian,4.2,,₹1000 FOR TWO,
BAGARA BOWL,Indian,,3.3,₹500 FOR TWO,
The Platinum Hotel-Clove,"North Indian, South Indian, Continental, Chinese",4.2,,₹800 FOR TWO,
Vamshis Noodles House,Chinese,,,₹160 FOR TWO,
Karachi Cafe,"Indian, Beverages",4.0,,₹500 FOR TWO,20% off | Use TRYNEW
D 4 DONUT,"Desserts, Beverages",4.0,,₹249 FOR TWO,20% off | Use TRYNEW
Aashirvad Tiffins,"South Indian, Chinese, Snacks, Juices",4.2,,₹200 FOR TWO,
Mughlai Homely Kitchen	,Indian,,,₹399 FOR TWO,FLAT250 off | Use FLATDEAL
Jain Jalsa,"Chinese, Fast Food, Indian",4.2,,₹400 FOR TWO,10% off | Use PARTY
Apnaa Nukkad,"Chinese, Desserts",,3.7,₹300 FOR TWO,30% off | Use TRYNEW
Sofra restaurent,"Biryani, Kebabs, Grill",4.3,,₹599 FOR TWO,
Ciro's Pizzeria,"Italian, Pastas, Pizzas",4.0,,₹600 FOR TWO,
Eat Italy,"Italian, American, Pastas, Pizzas",4.0,,₹400 FOR TWO,40% off | Use GUILTFREE
OKRA - Marriott,"Indian, Chinese, Italian",,3.9,₹1000 FOR TWO,
Wack Waffles & Brownies,"Waffle, Desserts, Beverages",,3.5,₹300 FOR TWO,Flat ₹125 off on orders above ₹249
ATH - All Things Healthy!,"Healthy Food, Indian, Keto, Snacks, Bakery, North Indian",4.2,,₹200 FOR TWO,40% off | Use SPECIALS
Fruit Wagon,"Beverages, Salads",4.2,,₹150 FOR TWO,
Bangkok169,"Asian, Chinese, Combo",,3.7,₹200 FOR TWO,20% off | Use PARTY
DOSTEA,Beverages,4.4,,₹300 FOR TWO,
Sai Suruchi Grand Family Restaurant,"North Indian, Biryani, Chinese",,,₹350 FOR TWO,10% off | Use TRYNEW
Sarvi Bakery,"Desserts, Bakery",4.1,,₹250 FOR TWO,
Flying Kombucha,"Healthy Food, Juices, Beverages",,,₹200 FOR TWO,
Terra Cakes,Bakery,,3.1,₹100 FOR TWO,60% off | Use TRYNEW
Khichdi Paradise,"North Indian, Healthy Food, Desserts, Beverages",4.6,,₹250 FOR TWO,Flat ₹125 off on orders above ₹249
The Board Game Cafe,"Indian, Chinese",4.0,,₹500 FOR TWO,
Oven Spring Cake,Bakery,4.7,,₹200 FOR TWO,
Veg Daawat by Behrouz,"Biryani, Mughlai, Lucknowi, Hyderabadi, Kebabs, North Indian, Persian, Desserts",,,₹500 FOR TWO,FLAT125 off | Use FLATDEAL
DiabeSmart,"North Indian, Snacks, Healthy Food",4.2,,₹300 FOR TWO,40% off | Use SPECIALS
PapaCream,"Ice Cream, Desserts",4.1,,₹200 FOR TWO,20% off | Use PARTY
Sitara Foods,"Sweets, Desserts, Andhra, Snacks",4.1,,₹410 FOR TWO,
Maa ki khichdi,"North Indian, Healthy Food, Desserts, Beverages",,3.4,₹250 FOR TWO,Flat ₹125 off on orders above ₹249
Iceberg Organic Icecreams,"Ice Cream, Beverages, Juices, Desserts",4.1,,₹200 FOR TWO,FLAT100 off | Use FLATDEAL
Healing Rice Bowls,"Indian, Gujarati, Healthy Food",,3.5,₹250 FOR TWO,FLAT125 off | Use FLATDEAL
Barista Coffee,"Beverages, Snacks",,3.2,₹350 FOR TWO,Flat ₹150 off on orders above ₹499
The Pizza Hub,Italian,,3.0,₹200 FOR TWO,
Lasani Restaurant,"Mughlai, Chinese, Snacks, Seafood",,,₹2 FOR TWO,
"Giani's (From Delhi Chandni Chowk ,Since 1956)","Ice Cream, Desserts",4.0,,₹250 FOR TWO,40% off | Use TRYNEW
Italian Express,"Italian, Mongolian, Jain",,3.5,₹350 FOR TWO,
Ruchi food court ,"Indian, Seafood",4.2,,₹200 FOR TWO,
Pizza And Burgers,"Pizzas, Beverages, Continental, Snacks, Desserts, American",,3.3,₹300 FOR TWO,
RAMADEVI CURRY POINT & MESS,"Biryani, South Indian",,3.4,₹100 FOR TWO,
Fried Chicken By Kilo	,"Burgers, Pastas, Desserts",,,₹450 FOR TWO,30% off | Use TRYNEW
Hotel Rajdhani,"North Indian, South Indian, Biryani, Tandoor",,3.7,₹500 FOR TWO,
Hotel Abinand Grand,"Chinese, Biryani, North Indian, South Indian, Tandoor",4.4,,₹800 FOR TWO,
Hotel Azizia,"North Indian, Biryani, Chinese",,3.7,₹300 FOR TWO,
Dadu's - D'Creme,"Ice Cream, Desserts",,,₹300 FOR TWO,30% off | Use TRYNEW
ContiMental,"Pizzas, Fast Food, Burgers",,,₹400 FOR TWO,30% off | Use TRYNEW
"Oki Poki - Sushi, Dimsums & More","Chinese, Asian, Pan-Asian, Thai, Oriental",,,₹1200 FOR TWO,60% off | Use TRYNEW
Samtrupthi Foods,South Indian,,,₹300 FOR TWO,
Food Street,"Chinese, Indian, North Indian, Andhra",,3.5,₹250 FOR TWO,
Balaji Papalal Mithaiwala,"Sweets, Desserts",4.1,,₹200 FOR TWO,
Bhagya lakshmi dhaba,North Indian,,,₹200 FOR TWO,
Palace Heights,"Indian, Chinese",4.0,,₹1700 FOR TWO,
The Golkonda Kitchen,"Indian, Chinese",4.1,,₹1200 FOR TWO,
NEW SHAHI NAAN,Indian,4.7,,₹49 FOR TWO,
Urvasi Hotel,"North Indian, Andhra, Chinese",4.2,,₹450 FOR TWO,
The Gallery Cafe,"Beverages, Continental",,,₹500 FOR TWO,
Gabru Di Chaap,"Fast Food, North Indian",,3.8,₹300 FOR TWO,
Meetnparifoods,"Italian, Continental",,3.5,₹300 FOR TWO,
Chat Corner,"Chaat, Snacks",,3.8,₹150 FOR TWO,
Balaji Mukesh Mithai Bhandar,"Sweets, Street Food",4.3,,₹200 FOR TWO,30% off | Use TRYNEW
Shawarma Buzz,Arabian,,,₹300 FOR TWO,
TCS THE CHEESE CAKE STORY,"Bakery, Desserts",4.1,,₹200 FOR TWO,
Saara Veg,"North Indian, Punjabi, Indian, Fast Food, Chaat, Tandoor, Beverages, Chinese, De...",4.1,,₹400 FOR TWO,20% off | Use TRYNEW
Te - A Tea Tradition,"Beverages, Snacks",4.2,,₹150 FOR TWO,
Waffle House,"Cafe, Desserts, Beverages",,3.8,₹400 FOR TWO,
Punjabi Chaap Corner,"Punjabi, Snacks, Chinese",4.0,,₹200 FOR TWO,FLAT100 off | Use FLATDEAL
Ice N Spice (Hotel Inner Circle),"Indian, Chinese, Tandoor, South Indian",,3.8,₹450 FOR TWO,
Kekiz Cake Shop,"Bakery, Desserts",,3.7,₹100 FOR TWO,
Trio-La Patisserie,"Bakery, Desserts",,,₹300 FOR TWO,
True Chinese,Chinese,,,₹250 FOR TWO,
Cake & Desserts - Eclair De Cake,"Bakery, Desserts",4.1,,₹300 FOR TWO,Flat ₹125 off on orders above ₹249
Santosh Dhaba The Original,Chinese,,3.5,₹250 FOR TWO,20% off | Use TRYNEW
Kouzina Kafe - The Food Court,"Bakery, Desserts, Ice Cream, Beverages",4.1,,₹150 FOR TWO,40% off | Use TRYNEW
Milano Bakers,"Bakery, Pizzas, Burgers, Snacks",,,₹400 FOR TWO,
SAFA MATAM AL MANDI,"Street Food, Arabian, Indian",,3.8,₹600 FOR TWO,
Indulge Ice cream By Almond House,"Bakery, Desserts, Beverages",,,₹300 FOR TWO,10% off | Use TRYNEW
 Cozy Corner by Aamantran,"Continental, Chinese, North Indian, South Indian, Beverages",,,₹550 FOR TWO,30% off | Use TRYNEW
Jai Durga maa apna taste,North Indian,4.4,,₹200 FOR TWO,10% off | Use TRYNEW
MADHU RUCHI PURE VEG RESTAURANT,"Chinese, Indian",,3.8,₹400 FOR TWO,
MADHU RUCHI PURE VEG RESTAURANT,"Chinese, Indian",,3.8,₹400 FOR TWO,
Saleem Stores The Pan Parlour,"Paan, Beverages",4.3,,₹150 FOR TWO,10% off | Use TRYNEW
SRI RAMI REDDY PURE GHEE SWEETS,"Continental, Sweets, Indian",4.5,,₹500 FOR TWO,
simply punjab,"North Indian, Indian, Biryani",,,₹200 FOR TWO,
Barfi Delite,"Indian, Continental, Fast Food, Pizzas, Chaat",4.1,,₹350 FOR TWO,
Bakers Bay,"Bakery, Snacks",,3.7,₹150 FOR TWO,
SEVEN HILLS BAKERY,"Bakery, Fast Food, Pizzas, Snacks",,,₹300 FOR TWO,
Magic Pancakes,"Desserts, Bakery, Beverages",,3.3,₹250 FOR TWO,Flat ₹125 off on orders above ₹249
Punjabi Paratha castle,Punjabi,,3.6,₹150 FOR TWO,
RASOI PURE VEG DHABA,"North Indian, Chinese, Beverages",,3.8,₹300 FOR TWO,30% off | Use TRYNEW
Reblon Pizza,"Pizzas, Beverages",5.0,,₹200 FOR TWO,
Sri Purna s kitchen,"Tandoor, Indian, Biryani, Chinese",,3.9,₹300 FOR TWO,20% off | Use TRYNEW
Sharma Ji Pav Bhaji and Fast Food,"Chinese, Biryani",,3.7,₹200 FOR TWO,
Pioneer Bakes,"Bakery, Desserts",,,₹200 FOR TWO,
China Box'd,"Snacks, Chinese",,,₹200 FOR TWO,50% off | Use TRYNEW
Sher-E-Punjab Dhaba,"Indian, Biryani",4.1,,₹350 FOR TWO,
Cakes By Ofen,"Bakery, Desserts",,,₹500 FOR TWO,
SRI RAGHAVENDRA UDIPI,"South Indian, Fast Food, Chinese",,,₹350 FOR TWO,
Balaji Hukmichand Mithai Bhandar,"Sweets, Snacks",,3.9,₹400 FOR TWO,15% off | Use TRYNEW
Srinivasa Bakery,"Bakery, Desserts, Pizzas, Snacks",,3.4,₹200 FOR TWO,
By The Bay,"Indian, Asian, Italian, European",4.4,,₹1200 FOR TWO,
Italian Affair,Chinese,4.2,,₹200 FOR TWO,
hotdog king,"Fast Food, Snacks, Biryani, Beverages",,,₹250 FOR TWO,
China Town,"Chinese, Fast Food",,,₹200 FOR TWO,
The Burger Dudes,"Beverages, Snacks, Chinese, South Indian",,,₹250 FOR TWO,30% off | Use TRYNEW
JUICE & SANDWICH POINT,"Juices, Snacks",4.0,,₹200 FOR TWO,
Hangout Food Court,"North Indian, Chinese",,,₹260 FOR TWO,
GRAND RESTAURANT,"Sweets, Biryani, Kebabs",,,₹500 FOR TWO,50% off | Use TRYNEW
Balaji Vishnu Sweet House,Sweets,,3.8,₹150 FOR TWO,
Panda Momos,"Tibetan, Asian, Beverages, Chinese",,3.8,₹200 FOR TWO,Flat ₹125 off on orders above ₹249
Fusion Biryani,"Biryani, Desserts",4.1,,₹250 FOR TWO,50% off on all orders
PACHADLU VS KAARALU,"South Indian, Indian, Andhra, Telangana, Beverages",4.1,,₹500 FOR TWO,10% off | Use TRYNEW
walima Ki Dawat,"Biryani, Hyderabadi, Mughlai",,,₹700 FOR TWO,
Toran Sweets Bakers Cafe',"Italian-American, Fast Food, Chinese, Snacks",,,₹400 FOR TWO,30% off | Use TRYNEW
B V Grand,"Pizzas, Fast Food, Indian",,,₹200 FOR TWO,
Sahadeva Reddy Pure Ghee Sweets,Sweets,4.3,,₹400 FOR TWO,20% off | Use TRYNEW
Euro Bakers,"Pizzas, Burgers, Bakery, Fast Food",,3.5,₹200 FOR TWO,10% off | Use TRYNEW
NEW Babar Bakery,"Bakery, Snacks",,,₹300 FOR TWO,
KHAANSAAB EXPRESS,"Mughlai, Indian, Biryani, Kebabs",4.4,,₹450 FOR TWO,
Narayan Upahaar,"Indian, Chinese",,,₹500 FOR TWO,
Naimat Delight,"Indian, Desserts",,3.7,₹240 FOR TWO,50% off | Use TRYNEW
Shouqeen - E - Lazeez Kitchen,Chinese,4.0,,₹250 FOR TWO,10% off | Use TRYNEW
My Unique Shop	,"Bakery, Snacks",,,₹60 FOR TWO,
AMMI'S ZAIQA,"Fast Food, Biryani, Arabian, Indian, Desserts, Beverages",,,₹400 FOR TWO,
Absolute Froot,Beverages,,3.5,₹150 FOR TWO,
Rehman Bakery,"Fast Food, Desserts",,,₹200 FOR TWO,
Pizza Pub,"Pizzas, Italian, European, Beverages",,,₹400 FOR TWO,
Bakers Kitchen,"Desserts, Pastas",,3.4,₹200 FOR TWO,40% off | Use TRYNEW
Bakers Kitchen,"Desserts, Pastas",,3.4,₹200 FOR TWO,40% off | Use TRYNEW
Agra mithai vatika,"Sweets, South Indian, Chaat, Beverages",,3.5,₹150 FOR TWO,
The Daily Meal,Indian,,,₹200 FOR TWO,50% off on all orders
OYE BURGER MONKS ,"Continental, Snacks",4.3,,₹250 FOR TWO,30% off | Use TRYNEW
Bhagyalaxmi Dhaba,North Indian,4.3,,₹550 FOR TWO,
US Live Pops,American,4.6,,₹150 FOR TWO,
Fun & Shakes,"Beverages, Pizzas, Snacks",,3.3,₹250 FOR TWO,40% off | Use TRYNEW
Idhikas cakes and snacks,"Bakery, Fast Food, Pizzas",,,₹120 FOR TWO,25% off | Use PARTY
YA SHEIKH,"Arabian, Pizzas, Mexican, Kebabs",,,₹500 FOR TWO,
Falafel Affair,Arabian,4.3,,₹200 FOR TWO,
Chandigarh Patiala Dhaba,"North Indian, Sweets",,3.8,₹350 FOR TWO,
BOSS CAKE,"Bakery, Desserts, Snacks",,,₹129 FOR TWO,
Rasna buzz,"Indian, Chinese",4.6,,₹200 FOR TWO,
MADHOUSE PIZZAS AND THICHSHAKES,"Beverages, Juices, Salads",,,₹300 FOR TWO,
Sri Santoshi Family Dhaba,Indian,,,₹200 FOR TWO,
Khichdi Central,"North Indian, Pastas, Salads",,3.4,₹400 FOR TWO,
LA MAMA,"Pizzas, Snacks, Beverages",,3.7,₹300 FOR TWO,20% off | Use TRYNEW
Mohan Dhaba,"Indian, Snacks, Chinese, Biryani, Beverages",,,₹300 FOR TWO,
Peri'S Kitchen,"Indian, Fast Food, Chinese, Pizzas, Burgers, Beverages",,,₹300 FOR TWO,
The Waffle Jar,"Waffle, Beverages",,,₹250 FOR TWO,50% off | Use TRYNEW
Roti'S Veerabhadreshwar Foods,"Indian, Thalis",,,₹200 FOR TWO,
Ministry Of Shakes,"Salads, Beverages",,,₹400 FOR TWO,
Salt & Pepper-The Central Court Hotel,"North Indian, Chinese, Continental, Seafood",4.0,,₹250 FOR TWO,50% off | Use JUMBO
New Balaji Family Dhaba	,"North Indian, Chinese, Biryani, Snacks",,,₹450 FOR TWO,
OYE PATIALA ON THE ROCKS,"Beverages, Snacks",4.8,,₹250 FOR TWO,30% off | Use TRYNEW
Vriksh Sugarcane And Fruit Juice,Beverages,,,₹200 FOR TWO,
Gourmet Ice Cream Cakes by Baskin Robbins,"Ice Cream Cakes, Desserts, Ice Cream, Bakery",4.3,,₹300 FOR TWO,30% off | Use TRYNEW
Sri Ganesh Tiffins,South Indian,4.1,,₹150 FOR TWO,
Hunger Point,"Snacks, North Indian, Italian, Chinese, Fast Food, Waffle",,3.2,₹200 FOR TWO,FLAT100 off | Use FLATDEAL
Pakka Hakka,"Chinese, Snacks",,,₹300 FOR TWO,
Scoops Ice Cream,Ice Cream,,,₹150 FOR TWO,
PALAHARAM BY ARUNA SWAGRUHA FOODS,Sweets,,3.8,₹400 FOR TWO,
ITC Fabelle Chocolates,"Bakery, Desserts",4.8,,₹600 FOR TWO,Flat ₹125 off on orders above ₹249
Kulfi & Falooda Project,"Ice Cream, Beverages, Juices, Indian, Snacks, Healthy Food",,,₹200 FOR TWO,FLAT125 off | Use FLATDEAL
AD FOOD COURT & FAST FOOD CENTRE,"Chinese, Fast Food",,,₹180 FOR TWO,
Mehraj Naan House,Indian,,,₹60 FOR TWO,10% off | Use TRYNEW
KUCHIPUDI RESTAURANTS,"Andhra, South Indian",,,₹1000 FOR TWO,
VIP TASTY FOODS,Hyderabadi,,,₹200 FOR TWO,
Isha Snacks,Indian,,,₹200 FOR TWO,
OYE  SANDWICH MONKS,"Beverages, Snacks",4.2,,₹250 FOR TWO,30% off | Use TRYNEW
TASTE HOME,Chinese,,,₹300 FOR TWO,
PavMan,Snacks,,,₹200 FOR TWO,
Headquarters,"Continental, Italian, North Indian, Chinese",4.2,,₹1100 FOR TWO,
Azaan Frankie n Shawarma,Indian,,3.2,₹149 FOR TWO,50% off | Use TRYNEW
Agra Sweet House,"Sweets, Snacks",,,₹200 FOR TWO,
MOMO MAGIC,Chinese,,3.2,₹200 FOR TWO,
Exotic Fruit Bowl,Salads,,,₹300 FOR TWO,30% off | Use TRYNEW
TASTY GHAR,"North Indian, Chinese, Biryani",,,₹300 FOR TWO,
Bagara Khana,"North Indian, Desserts",,,₹199 FOR TWO,60% off | Use TRYNEW
Zee N Cafe,"Italian-American, Fast Food, Snacks",,,₹300 FOR TWO,
Four Ounces,"Bakery, Desserts",,,₹500 FOR TWO,
Chai toh banti hai,"Beverages, Snacks",,3.3,₹250 FOR TWO,FLAT125 off | Use FLATDEAL
Harekrishna Santoshi Dhaba,"Indian, Chinese",,,₹200 FOR TWO,
Blue Diamond,Chinese,,3.9,₹600 FOR TWO,
Mumbai Kulfi & Ice Cream,"Ice Cream, Desserts",,,₹100 FOR TWO,30% off | Use TRYNEW
SHREE BAKE & CAKES,"Pizzas, Fast Food, Snacks",,3.6,₹300 FOR TWO,
Bong Chicken,Indian,,,₹300 FOR TWO,
Blue Dragon By Mandilicious,Chinese,,3.9,₹300 FOR TWO,
The Grand Plaza Hotel,"Indian, Chinese, Tandoor, Seafood, Snacks, Desserts, Beverages",,,₹250 FOR TWO,50% off | Use TRYNEW
Burger Eats,"Snacks, Biryani",,3.5,₹300 FOR TWO,
Papaj ki rasoi,North Indian,,3.8,₹300 FOR TWO,30% off | Use TRYNEW
THE SHAKES LOUNGE,"Beverages, Ice Cream",,,₹400 FOR TWO,50% off | Use TRYNEW
Cane Blast,Juices,,,₹300 FOR TWO,
Rayalaseema Spice Kitchen,Biryani,,,₹500 FOR TWO,50% off | Use TRYNEW
Delight Delicious,"Chinese, Italian, Desserts, Chaat",,3.4,₹280 FOR TWO,
Al Kareem Hotel,"Indian, Biryani",4.2,,₹300 FOR TWO,10% off | Use TRYNEW
Jain Jalsa,"Chinese, Fast Food, Indian",4.2,,₹400 FOR TWO,10% off | Use PARTY
Bakers s street,"Fast Food, Bakery, Desserts, Beverages",,,₹450 FOR TWO,
Dhaba Estd 1986 Delhi,Indian,4.2,,₹600 FOR TWO,11% off | Use PARTY
KAPOOR'S CAFE,North Indian,4.0,,₹400 FOR TWO,
Urvasi Hotel,"North Indian, Andhra, Chinese",4.2,,₹450 FOR TWO,
Splurge - Thickshakes and Milkshakes,"Desserts, Ice Cream, Beverages",,3.5,₹300 FOR TWO,50% off | Use TRYNEW
Krispy Kreme,"Desserts, Beverages",4.3,,₹170 FOR TWO,
Agra mithai vatika,"Sweets, South Indian, Chaat, Beverages",,3.5,₹150 FOR TWO,
Louis Burger,"Burgers, Fast Food, Beverages",4.3,,₹600 FOR TWO,Flat ₹150 off on orders above ₹799
Kaati Zone Rolls & Wraps,"Fast Food, Bengali, Beverages, Desserts",,3.9,₹150 FOR TWO,40% off | Use GUILTFREE
Combo Stories By 10D Express,"Continental, Chinese",4.0,,₹400 FOR TWO,FLAT125 off | Use FLATDEAL
Prowl Foods By Tiger Shroff,"North Indian, Continental, Chinese, Snacks, Healthy Food, Salads",,3.8,₹500 FOR TWO,Flat ₹100 off on orders above ₹399
Sofra restaurent,"Biryani, Kebabs, Grill",4.3,,₹599 FOR TWO,
Hotel Svm Grand,"North Indian, Chinese, Biryani, Tandoor, Desserts",,,₹450 FOR TWO,50% off | Use TRYNEW
RICH CAKE WALA,Bakery,4.1,,₹150 FOR TWO,
BK Cafe,"American, Cafe",,,₹350 FOR TWO,
ShakeZoned,"Beverages, Desserts",4.5,,₹350 FOR TWO,
Rice++,Healthy Food,,3.6,₹100 FOR TWO,
Fries Paradise,"Snacks, Beverages",,,₹100 FOR TWO,
Mumbaichee Chaat Street,"Chaat, Street Food",,,₹250 FOR TWO,30% off | Use TRYNEW
CFC Chinese Food Court,Chinese,,3.7,₹200 FOR TWO,
Dragon Xpress,"Chinese, Asian",,,₹500 FOR TWO,
Anand Paan Shop,Indian,,,₹100 FOR TWO,
Bowl Over,"Chinese, North Indian, South Indian",,,₹299 FOR TWO,FLAT150 off | Use FLATDEAL
Deccan Spices,"Chinese, Tandoor, Indian",,,₹750 FOR TWO,
Popstar Pizza,Pizzas,,,₹300 FOR TWO,
SANDWICH FUN,"Pizzas, Snacks",,,₹200 FOR TWO,40% off | Use TRYNEW
The Imperial Sweet House By Nasreen Hussaini,Sweets,,,₹500 FOR TWO,
Chef's Corner,"Italian, Snacks, Fast Food",,,₹300 FOR TWO,
Break The Bread - Sandwiches And Burgers,"Continental, Fast Food",,3.4,₹200 FOR TWO,
Break The Bread - Sandwiches And Burgers,"Continental, Fast Food",,3.4,₹200 FOR TWO,
Brook Bite Brownie,Desserts,,,₹200 FOR TWO,
Gayathri Tiffins and Meals,South Indian,,,₹100 FOR TWO,
Tadka - Desi Food by Papaji,"North Indian, Fast Food, Snacks, Biryani, Tandoor",4.0,,₹250 FOR TWO,30% off | Use TRYNEW
TASTY AND QUICK PIZZA,"Pizzas, Fast Food, Snacks",,,₹400 FOR TWO,
Jamghat,"Snacks, Beverages, Chinese",4.7,,₹450 FOR TWO,
Mughlai Dastarkhwan Multi Cuisine Restaurant,"Indian, Mughlai, Kebabs",,,₹250 FOR TWO,FLAT250 off | Use FLATDEAL
Sriraadhe Vadpav,Indian,,,₹195 FOR TWO,
Makhanwala,"Indian, North Indian, Kebabs, Mughlai, Biryani, Thalis, Afghani, Home Food, Gril...",,3.8,₹400 FOR TWO,
AADYA'S CLOUD KITCHEN,"Chinese, Arabian, Snacks",,,₹200 FOR TWO,
Garam Bucket Biryani,"Biryani, Snacks",,,₹309 FOR TWO,
HANGOUT ADDA,"Arabian, Fast Food, Snacks, Chinese",,,₹400 FOR TWO,
The Shawarma Daddy,"Arabian, Continental, Snacks",,,₹150 FOR TWO,
Cuppa The Kitchen,"Chinese, North Indian, Snacks",,3.6,₹220 FOR TWO,15% off | Use TRYNEW
JAI BHAVANI SPICY HUT FAST FOOD,Chinese,,,₹200 FOR TWO,
Zaika Bites,Indian,,3.6,₹300 FOR TWO,
Signature Juice And Grill Station,"Juices, Beverages, Fast Food, Snacks, Desserts",,,₹450 FOR TWO,
esthio,"Bakery, Pizzas, Fast Food",,,₹500 FOR TWO,30% off | Use TRYNEW
The shawarma'S Spot	,"Arabian, Snacks",,,₹300 FOR TWO,30% off | Use TRYNEW
Amul Top Spin,"Italian, Juices",,,₹200 FOR TWO,
Spicy Hot Bucket Biryani,"Indian, Chinese, Biryani",,,₹300 FOR TWO,
Rekha's Kitchen,"Indian, Biryani",,,₹500 FOR TWO,
Momo Crave by AV s Smokebox,"Chinese, Snacks",,,₹350 FOR TWO,20% off | Use TRYNEW
Bachchu s Chaat by Phulkaas,"Chaat, Snacks",,3.7,₹200 FOR TWO,
IGP Cakes,"Desserts, Bakery, Sweets",,,₹299 FOR TWO,
Dilli De'Parathe,"Indian, Beverages",,,₹300 FOR TWO,
Khaathwik's Kitchen,"North Indian, Chinese, Biryani, Fast Food",,,₹300 FOR TWO,
Tasty Momos,Indian,,3.8,₹200 FOR TWO,20% off | Use TRYNEW
Rasa by Ashoka,"North Indian, Biryani, Desserts, Ice Cream, Snacks",,,₹500 FOR TWO,
MAMA O PIZZA,"Pizzas, Fast Food, Burgers",,,₹200 FOR TWO,20% off | Use PARTY
JS Fast Food,"North Indian, Indian, Snacks, Beverages",,,₹250 FOR TWO,
Avani Kitchen (Pure Veg),Indian,,,₹390 FOR TWO,
Mahankali Jalebi Wala,"Sweets, Snacks",,,₹100 FOR TWO,
Burger fun,"Pizzas, Snacks, Beverages",,3.4,₹200 FOR TWO,40% off | Use TRYNEW
Just Bake,Bakery,,,₹600 FOR TWO,
YA SHEIKH CAFE,"Snacks, Indian, Pizzas",,,₹200 FOR TWO,
Jalpoori,"Chaat, Indian, Juices",,3.0,₹200 FOR TWO,
Kasuall,"North Indian, Indian, South Indian, Chinese, Tandoor",,,₹800 FOR TWO,
7 Spice,"North Indian, Mughlai, Chinese",,,₹250 FOR TWO,
Surprise India - Cakes & Desserts,"Bakery, Desserts",,3.7,₹300 FOR TWO,50% off | Use TRYNEW
HUSSAIN FOODS,"Chinese, Indian",,,₹300 FOR TWO,
Town Of Foodies,Chaat,,,₹200 FOR TWO,30% off | Use JUMBO
Seven Star Cafe,Indian,,,₹200 FOR TWO,
The Burrito Bowl,"Mexican, Beverages",,3.7,₹200 FOR TWO,
Melting Pot,"Chinese, North Indian",,3.6,₹400 FOR TWO,
FAMOUS FOOD COURT,"Chinese, North Indian",,,₹400 FOR TWO,
The Sandwich story,"Fast Food, Beverages",,3.0,₹250 FOR TWO,FLAT125 off | Use FLATDEAL
Bar House And Restaurant,"Indian, Chinese, Seafood, Kebabs, Biryani, Snacks",,,₹250 FOR TWO,
Bar House And Restaurant,"Indian, Chinese, Seafood, Kebabs, Biryani, Snacks",,,₹250 FOR TWO,
Butter Singh,"North Indian, Biryani, Chinese, Beverages, Kebabs, Street Food",,3.8,₹400 FOR TWO,20% off | Use TRYNEW
MASALA FLIPS,"Snacks, Chaat, Beverages",4.4,,₹200 FOR TWO,
CAFE AMLIN,"Pastas, Indian, Snacks, Italian",,,₹300 FOR TWO,
Masala Republic by Dadu's,"Indian, Snacks, Chinese, Chaat, Pizzas, Pastas",,,₹499 FOR TWO,
Svs Pure Vegetarian Restaurant	,"North Indian, South Indian, Biryani",,,₹250 FOR TWO,20% off | Use TRYNEW
Fresh juice bar,"Beverages, Juices, Desserts",,,₹99 FOR TWO,
Takeout Cafe,"Beverages, Fast Food, Chinese, Pastas, Indian, Biryani",,,₹200 FOR TWO,
Sudha darshini fast food,Chinese,4.4,,₹180 FOR TWO,
Swaad Veg,"Kebabs, Biryani, Tandoor, Snacks",,,₹500 FOR TWO,FLAT125 off | Use FLATDEAL
Kebab Klub,"Kebabs, Biryani, Tandoor, Snacks",,,₹500 FOR TWO,50% off | Use TRYNEW
Ovenfresh,Pizzas,,,₹200 FOR TWO,
Korner Slices,"Pizzas, Continental",,,₹250 FOR TWO,30% off | Use TRYNEW
Blue Sea Hotel,"Chinese, North Indian, Tandoor, Salads, Biryani, Desserts",,,₹450 FOR TWO,
Mr Delicious Wala,"North Indian, Biryani",,,₹310 FOR TWO,
Boneless ChickenWala,"Snacks, Burgers, Pastas, Desserts",,,₹300 FOR TWO,
Kadupuninda Bojanam,"South Indian, Snacks, Beverages",,,₹100 FOR TWO,10% off | Use TRYNEW
Ice N Spice (Hotel Inner Circle),"Indian, Chinese, Tandoor, South Indian",,3.8,₹450 FOR TWO,
Rayalaseema Spice Kitchen,Biryani,,,₹500 FOR TWO,50% off | Use TRYNEW
Meetnparifoods,"Italian, Continental",,3.5,₹300 FOR TWO,
Wholesale Cakes,Bakery,,3.9,₹300 FOR TWO,
Makhanwala,"Indian, North Indian, Kebabs, Mughlai, Biryani, Thalis, Afghani, Home Food, Gril...",,3.8,₹400 FOR TWO,
JS Fast Food,"North Indian, Indian, Snacks, Beverages",,,₹250 FOR TWO,
 Cozy Corner by Aamantran,"Continental, Chinese, North Indian, South Indian, Beverages",,,₹550 FOR TWO,30% off | Use TRYNEW
Cookie Man,"Desserts, Ice Cream, Bakery",,3.4,₹1000 FOR TWO,40% off | Use TRYNEW
Shanbhags Chinese Food Court,"Chinese, North Indian, Snacks",4.2,,₹300 FOR TWO,
Onesta,"Italian, Desserts, Pizzas, American, Snacks",,3.7,₹200 FOR TWO,FLAT150 off | Use FLATDEAL
Al madina,Indian,4.0,,₹100 FOR TWO,
Al - Akbar Fast Food Corner,"North Indian, Chinese",4.1,,₹200 FOR TWO,
Cakes11,"Bakery, Desserts",,3.9,₹200 FOR TWO,40% off | Use GUILTFREE
Karachi Cafe,"Indian, Beverages",4.0,,₹500 FOR TWO,20% off | Use TRYNEW
walima Ki Dawat,"Biryani, Hyderabadi, Mughlai",,,₹700 FOR TWO,
The Jaava Pot,Beverages,,,₹200 FOR TWO,
Sundaes zone,Desserts,,,₹300 FOR TWO,FLAT250 off | Use FLATDEAL
Shiva Balaji Tiffins & Fastfood,"Chinese, North Indian, Biryani",,,₹500 FOR TWO,25% off | Use TRYNEW
Burger Break,Burgers,,,₹249 FOR TWO,30% off | Use TRYNEW
Pop Pulao,Indian,,,₹200 FOR TWO,50% off on all orders
Megha pan house and tiffin centre,"South Indian, Snacks",,,₹100 FOR TWO,
Pizza & pasta kreation,"Pizzas, Italian",,,₹300 FOR TWO,
THICKSHAKE JUNCTION,Indian,,,₹220 FOR TWO,
ShakeZone,Beverages,,,₹250 FOR TWO,50% off | Use TRYNEW
Om Durga Veg Foods,"South Indian, Chinese",,3.8,₹250 FOR TWO,
Crispy Corner,"Burgers, Fast Food, Snacks, Beverages",,,₹200 FOR TWO,
AF PARADISE FOOD COURT,"Fast Food, South Indian, Chinese",,3.8,₹200 FOR TWO,
Al-Mayyam Mandi,Meat,,,₹300 FOR TWO,
GOURMET GULLY,"Continental, Salads, Italian, Pizzas, American, Pastas, Desserts",,3.9,₹200 FOR TWO,FLAT150 off | Use FLATDEAL
Sizzling Joe,"Chinese, Asian, Pastas",,,₹700 FOR TWO,
India kitchen,"South Indian, Chinese, Biryani, Thalis",,,₹400 FOR TWO,
kolhapuri thaska,"Indian, Fast Food",,3.8,₹100 FOR TWO,
1D cafe,"Italian, Fast Food",,3.7,₹200 FOR TWO,
-Vellanki fruit juices and milkshakes,"Juices, Beverages",,3.6,₹150 FOR TWO,
Maggi House,"Snacks, Fast Food, Beverages",,3.2,₹150 FOR TWO,
Jalaram Foods,"Indian, Gujarati",,,₹300 FOR TWO,
Mezzo milkshake & snack,"Beverages, Desserts, Chaat",,,₹300 FOR TWO,50% off | Use TRYNEW
GLOBAL FOOD COURT,"Indian, Chinese",,,₹200 FOR TWO,
HEALTHY HUT,"Beverages, Indian",,,₹150 FOR TWO,
Hashtag Delicious Kitchen,"Indian, North Indian, Chinese",,,₹200 FOR TWO,
Woking Street,"Pan-Asian, Chinese, Japanese, Thai",,,₹500 FOR TWO,FLAT150 off | Use FLATDEAL
Shekar's kavadi cafe,"Chinese, Biryani",,,₹250 FOR TWO,
Momo Guy,"Tibetan, Asian, Desserts",,3.5,₹200 FOR TWO,Flat ₹125 off on orders above ₹249
Class Inn,"North Indian, Chinese",,3.4,₹200 FOR TWO,
Wallonia Waffle Co.,Desserts,,3.4,₹300 FOR TWO,Flat ₹125 off on orders above ₹249
MANDI CULTURE,"South Indian, Indian, Desserts",,,₹600 FOR TWO,
The Waffle Man (From the House Of Cookieman),"Waffle, Desserts, Ice Cream",,,₹350 FOR TWO,50% off | Use TRYNEW
Froops Natural Ice Cream,"Ice Cream, Desserts",,,₹150 FOR TWO,
Sanskari Paratha,"Biryani, North Indian, Beverages, Desserts",,3.6,₹300 FOR TWO,Flat ₹125 off on orders above ₹249
Sandwich  Dudes,Snacks,,,₹250 FOR TWO,30% off | Use TRYNEW
Snack Lives Matter,"Snacks, Chinese",,,₹250 FOR TWO,
Bowl 99,"Indian, North Indian, South Indian",4.5,,₹200 FOR TWO,50% off on all orders
HOTEL AL KAREEM'S,"Biryani, North Indian, Chinese",,3.5,₹300 FOR TWO,
Fryeo,"Pizzas, Fast Food, Indian",,,₹350 FOR TWO,
The Original Paan & Smoothies,"Indian, Paan",4.3,,₹200 FOR TWO,
Cafe Star and Bakery,"Chinese, North Indian, Snacks",,,₹300 FOR TWO,20% off | Use TRYNEW
Fryed wings,Fast Food,,,₹250 FOR TWO,
Saakshi Biryani House,Biryani,,,₹400 FOR TWO,
House of Candy,"Desserts, Indian",,,₹400 FOR TWO,10% off | Use PARTY
EAT WITH FUN,"Indian, Pizzas",,3.1,₹250 FOR TWO,40% off | Use TRYNEW
Firangi Fried chicken,"Continental, Indian, Desserts",4.0,,₹300 FOR TWO,
Tawakkal Fast Food Center,"Chinese, Snacks",,,₹300 FOR TWO,
Muffin Magic,"Bakery, Desserts",5.0,,₹200 FOR TWO,
Mon Amour,"Desserts, Beverages, Pizzas, Chinese, North Indian",,,₹400 FOR TWO,
Husnain Cafe,"American, Pizzas",,3.4,₹160 FOR TWO,FLAT100 off | Use FLATDEAL
Lacto Nile,Bakery,,,₹150 FOR TWO,
Bhagwati Sweets And Khara	,"Sweets, Desserts",,,₹200 FOR TWO,
AR Food Corner,"Chinese, Fast Food, Biryani, Desserts",,,₹350 FOR TWO,20% off | Use TRYNEW
SRI Lakshmi restaurant and bar,"South Indian, North Indian",,3.8,₹500 FOR TWO,
M/S CAKES ONLINE,Bakery,,,₹400 FOR TWO,
Taste of Tibet,"Tibetan, Chinese, Fast Food, Asian",,3.8,₹200 FOR TWO,
Club 10 Chicken,"Chinese, Pizzas, North Indian, Beverages, Fast Food",,,₹200 FOR TWO,20% off on all orders
Malik Baker's,"Bakery, Burgers, Pizzas",,,₹200 FOR TWO,
Shawarma corner and more,"Arabian, Snacks",,,₹299 FOR TWO,30% off | Use TRYNEW
Wild West Burgers,"Burgers, Snacks",,,₹300 FOR TWO,10% off | Use TRYNEW
7 Layers Bakery And Snacks	,"Bakery, Snacks, Pizzas, Burgers, Fast Food",,,₹299 FOR TWO,
Mozzarella Dudes,"Pizzas, Snacks",,,₹500 FOR TWO,60% off | Use TRYNEW
VS Food Court,"Indian, South Indian, Snacks, Biryani, Chinese",,,₹300 FOR TWO,
Rice stories,"Chinese, Indian",,,₹300 FOR TWO,
EAT N TREAT,Sweets,,,₹250 FOR TWO,
Cupcake House,Desserts,,,₹150 FOR TWO,
Bachelor Burgers,"Continental, Italian",,3.1,₹200 FOR TWO,
MONTY CORNER,Snacks,,,₹250 FOR TWO,
IIT ITALIAN  INDO TERMINAL,"Italian, Burgers, Fast Food",,,₹350 FOR TWO,
PANTHASHALA,"North Indian, Biryani, Chinese",,,₹400 FOR TWO,
Bakers s street,"Fast Food, Bakery, Desserts, Beverages",,,₹450 FOR TWO,
Inaya'S Biryani House,"Indian, Biryani",,,₹460 FOR TWO,
ANNA	DOSA	POINT,South Indian,,,₹200 FOR TWO,
Popking popcorn,Indian,4.6,,₹100 FOR TWO,
Around The World,"Italian, Fast Food, Snacks, Waffle, Chinese, Beverages",,,₹240 FOR TWO,
Angeethi Asli Dhaba,North Indian,4.0,,₹1100 FOR TWO,
Be High Bros on food,"Fast Food, Indian, Pizzas, Pastas, Salads, Snacks, Beverages",,3.9,₹200 FOR TWO,
Classico Italiano,"Snacks, Beverages",,3.8,₹300 FOR TWO,
Candy Burger,"Burgers, Beverages",,,₹200 FOR TWO,
AL LAZEEZ SHAWARMA,Arabian,,,₹220 FOR TWO,40% off | Use TRYNEW
Kadak House,"Beverages, Snacks",4.4,,₹200 FOR TWO,
AL-TURAB 65 CORNER,"Chinese, Tandoor, Indian",,,₹190 FOR TWO,
Peking Wok	,"Chinese, Snacks",4.3,,₹399 FOR TWO,30% off | Use TRYNEW
NEW HARI BALAJI DHABA,"North Indian, Chinese, Tandoor, Beverages",,,₹300 FOR TWO,
